identificador,p_desercion,resultado_modelo
110545,0.1361,No deserta
110718,0.1058,No deserta
110717,0.0384,No deserta
111115,0.0448,No deserta
111308,0.1883,No deserta
112040,0.0774,No deserta
112307,0.1118,No deserta
112304,0.0409,No deserta
112309,0.9491,Deserta
112591,0.0708,No deserta
112592,0.0731,No deserta
112759,0.0656,No deserta
112758,0.0812,No deserta
112766,0.085,No deserta
112764,0.082,No deserta
112760,0.0498,No deserta
112761,0.0462,No deserta
112762,0.103,No deserta
112944,0.1564,No deserta
112943,0.1148,No deserta
113404,0.0724,No deserta
113408,0.0565,No deserta
113406,0.1665,No deserta
113407,0.0568,No deserta
113403,0.1069,No deserta
114747,0.0423,No deserta
115077,0.0606,No deserta
115633,0.1054,No deserta
115644,0.4271,No deserta
115740,0.1858,No deserta
116110,0.0771,No deserta
117001,0.055,No deserta
117569,0.0994,No deserta
118185,0.6237,Deserta
118525,0.0767,No deserta
118858,0.0826,No deserta
118859,0.0637,No deserta
119102,0.0347,No deserta
119139,0.0586,No deserta
119579,0.0804,No deserta
119578,0.0467,No deserta
119779,0.1277,No deserta
119780,0.0584,No deserta
119913,0.9809,Deserta
119912,0.1142,No deserta
119914,0.0946,No deserta
120565,0.0438,No deserta
120633,0.0547,No deserta
121115,0.105,No deserta
121269,0.0536,No deserta
121371,0.0354,No deserta
121370,0.9342,Deserta
121468,0.0286,No deserta
121645,0.0886,No deserta
121713,0.1255,No deserta
122839,0.0485,No deserta
124071,0.0352,No deserta
124073,0.0493,No deserta
110486,0.3202,No deserta
110570,0.4995,No deserta
110583,0.3171,No deserta
110584,0.857,Deserta
110623,0.2367,No deserta
110743,0.4691,No deserta
110742,0.255,No deserta
110744,0.9657,Deserta
110837,0.8096,Deserta
110838,0.8379,Deserta
110880,0.2239,No deserta
110882,0.9672,Deserta
111001,0.7709,Deserta
110950,0.9924,Deserta
110951,0.9807,Deserta
111064,0.3183,No deserta
111081,0.9695,Deserta
111082,0.984,Deserta
111099,0.5111,Deserta
111098,0.9728,Deserta
111183,0.8985,Deserta
111168,0.2307,No deserta
111170,0.5774,Deserta
111169,0.3476,No deserta
111172,0.4643,No deserta
111173,0.8976,Deserta
111174,0.966,Deserta
111201,0.942,Deserta
111203,0.2333,No deserta
148003,0.9557,Deserta
111202,0.1753,No deserta
111204,0.8867,Deserta
111293,0.9868,Deserta
111292,0.3976,No deserta
111295,0.9799,Deserta
111317,0.9579,Deserta
111367,0.3595,No deserta
111364,0.4142,No deserta
111365,0.9575,Deserta
111439,0.9827,Deserta
111438,0.3692,No deserta
111500,0.2871,No deserta
111514,0.9825,Deserta
111546,0.988,Deserta
111549,0.4975,No deserta
111607,0.916,Deserta
111688,0.9212,Deserta
111687,0.6577,Deserta
111744,0.262,No deserta
111746,0.2548,No deserta
111745,0.4399,No deserta
111743,0.9553,Deserta
111747,0.647,Deserta
111780,0.7958,Deserta
111782,0.243,No deserta
111783,0.7438,Deserta
111882,0.6612,Deserta
111884,0.2766,No deserta
111921,0.8816,Deserta
111987,0.6595,Deserta
112171,0.3235,No deserta
112228,0.9504,Deserta
112226,0.4371,No deserta
112229,0.4166,No deserta
112230,0.2959,No deserta
112300,0.844,Deserta
112435,0.972,Deserta
112437,0.2381,No deserta
112634,0.9827,Deserta
112633,0.234,No deserta
112637,0.3776,No deserta
112632,0.2349,No deserta
112642,0.9671,Deserta
112644,0.2122,No deserta
112863,0.9833,Deserta
112864,0.9763,Deserta
113141,0.4951,No deserta
113139,0.5149,Deserta
113318,0.4563,No deserta
113572,0.1536,No deserta
113570,0.3838,No deserta
113574,0.8926,Deserta
113573,0.4789,No deserta
113571,0.2217,No deserta
113584,0.9328,Deserta
113580,0.3221,No deserta
113579,0.8828,Deserta
113575,0.2797,No deserta
113586,0.8455,Deserta
113576,0.9567,Deserta
113582,0.4736,No deserta
113616,0.5348,Deserta
113610,0.8051,Deserta
113615,0.4177,No deserta
113612,0.9798,Deserta
113607,0.5068,Deserta
113621,0.9344,Deserta
113620,0.3009,No deserta
113980,0.9673,Deserta
113982,0.9858,Deserta
113976,0.9436,Deserta
113988,0.9832,Deserta
113985,0.9384,Deserta
113984,0.3054,No deserta
113986,0.432,No deserta
114175,0.2428,No deserta
114172,0.2759,No deserta
114174,0.3355,No deserta
114173,0.9497,Deserta
114177,0.2904,No deserta
114176,0.9785,Deserta
114178,0.9726,Deserta
114180,0.3264,No deserta
114179,0.9779,Deserta
114183,0.7595,Deserta
114184,0.9599,Deserta
114185,0.4304,No deserta
114238,0.8173,Deserta
114293,0.2893,No deserta
114451,0.3784,No deserta
114450,0.3433,No deserta
114452,0.9595,Deserta
114453,0.8041,Deserta
114449,0.3098,No deserta
114837,0.4004,No deserta
114839,0.4485,No deserta
114840,0.9258,Deserta
114845,0.9686,Deserta
114843,0.9029,Deserta
146454,0.8992,Deserta
115036,0.9538,Deserta
115032,0.3112,No deserta
115034,0.9888,Deserta
115037,0.9714,Deserta
115035,0.9382,Deserta
115039,0.8843,Deserta
115033,0.9466,Deserta
115038,0.9182,Deserta
115041,0.9627,Deserta
115047,0.9915,Deserta
115048,0.9511,Deserta
115046,0.9848,Deserta
115330,0.4546,No deserta
115331,0.9738,Deserta
115339,0.9874,Deserta
115337,0.8629,Deserta
115338,0.8443,Deserta
115509,0.9671,Deserta
115721,0.9697,Deserta
115722,0.2911,No deserta
115762,0.8863,Deserta
115813,0.9317,Deserta
115814,0.9432,Deserta
115815,0.3258,No deserta
148042,0.2768,No deserta
115874,0.4398,No deserta
115873,0.5412,Deserta
115944,0.5528,Deserta
115960,0.8502,Deserta
115978,0.1928,No deserta
116008,0.8365,Deserta
116087,0.7186,Deserta
116157,0.3603,No deserta
116164,0.2266,No deserta
116162,0.6271,Deserta
116213,0.427,No deserta
116215,0.233,No deserta
116212,0.2933,No deserta
116219,0.1796,No deserta
116217,0.9339,Deserta
116222,0.3316,No deserta
116221,0.6926,Deserta
116369,0.8319,Deserta
116371,0.2296,No deserta
116441,0.1118,No deserta
116468,0.7037,Deserta
116471,0.4128,No deserta
116472,0.1453,No deserta
116469,0.4054,No deserta
116508,0.263,No deserta
116509,0.2928,No deserta
116565,0.4338,No deserta
116567,0.1694,No deserta
116566,0.1598,No deserta
116570,0.3847,No deserta
116569,0.8539,Deserta
116568,0.2337,No deserta
116639,0.903,Deserta
116736,0.3392,No deserta
116819,0.5492,Deserta
116957,0.9797,Deserta
116959,0.9003,Deserta
116958,0.2506,No deserta
116962,0.9566,Deserta
116961,0.9133,Deserta
117256,0.206,No deserta
117257,0.8652,Deserta
117258,0.8653,Deserta
117284,0.9344,Deserta
117288,0.9775,Deserta
117427,0.766,Deserta
117516,0.1982,No deserta
117517,0.2488,No deserta
117518,0.2766,No deserta
117521,0.2476,No deserta
117554,0.1321,No deserta
117555,0.4279,No deserta
117612,0.5335,Deserta
117613,0.3208,No deserta
117667,0.9367,Deserta
117783,0.9761,Deserta
117782,0.9521,Deserta
117854,0.8458,Deserta
117855,0.2659,No deserta
117944,0.3485,No deserta
117945,0.245,No deserta
118046,0.5955,Deserta
118044,0.1732,No deserta
118045,0.9146,Deserta
118041,0.9717,Deserta
118043,0.9474,Deserta
118042,0.3349,No deserta
118157,0.2343,No deserta
118161,0.6724,Deserta
118158,0.1013,No deserta
118160,0.8917,Deserta
118197,0.3213,No deserta
118200,0.149,No deserta
118199,0.311,No deserta
118402,0.1624,No deserta
118400,0.9793,Deserta
118401,0.9651,Deserta
118399,0.5142,Deserta
118403,0.9616,Deserta
118459,0.9403,Deserta
118457,0.9641,Deserta
118621,0.3461,No deserta
118665,0.9707,Deserta
118664,0.4943,No deserta
118708,0.4613,No deserta
118709,0.9638,Deserta
118710,0.9016,Deserta
118804,0.3887,No deserta
118802,0.1423,No deserta
118805,0.9598,Deserta
118803,0.3243,No deserta
118806,0.9369,Deserta
118836,0.8457,Deserta
118840,0.4468,No deserta
118968,0.6987,Deserta
118899,0.2805,No deserta
118900,0.0923,No deserta
118904,0.8729,Deserta
118905,0.2643,No deserta
118903,0.8159,Deserta
119048,0.2059,No deserta
119049,0.295,No deserta
119052,0.2281,No deserta
119051,0.1812,No deserta
119172,0.2072,No deserta
119173,0.1397,No deserta
119174,0.4011,No deserta
119289,0.1446,No deserta
119286,0.1706,No deserta
119291,0.8263,Deserta
119290,0.9179,Deserta
119287,0.5163,Deserta
119310,0.331,No deserta
119309,0.6974,Deserta
119371,0.758,Deserta
119396,0.1622,No deserta
119411,0.19,No deserta
119421,0.9283,Deserta
119422,0.1088,No deserta
119423,0.2562,No deserta
119505,0.9636,Deserta
119626,0.243,No deserta
119724,0.1359,No deserta
119722,0.1063,No deserta
119725,0.9867,Deserta
119839,0.2485,No deserta
119865,0.304,No deserta
119886,0.9507,Deserta
119963,0.8417,Deserta
120149,0.9076,Deserta
120278,0.1949,No deserta
120329,0.2218,No deserta
86083,0.2972,No deserta
105833,0.9565,Deserta
120423,0.8702,Deserta
120425,0.9719,Deserta
100651,0.9516,Deserta
120656,0.9747,Deserta
120685,0.3286,No deserta
120752,0.3048,No deserta
120753,0.8818,Deserta
120754,0.9648,Deserta
120837,0.3107,No deserta
120898,0.4453,No deserta
120974,0.1096,No deserta
120975,0.1961,No deserta
108604,0.2077,No deserta
113264,0.7805,Deserta
121026,0.1459,No deserta
121027,0.5485,Deserta
105559,0.9444,Deserta
121220,0.4233,No deserta
121219,0.2204,No deserta
121222,0.8667,Deserta
118838,0.8997,Deserta
121260,0.1545,No deserta
121261,0.3806,No deserta
121304,0.1264,No deserta
121305,0.97,Deserta
92319,0.376,No deserta
121481,0.9681,Deserta
121482,0.2011,No deserta
146445,0.8809,Deserta
113770,0.9476,Deserta
121592,0.8717,Deserta
121593,0.1914,No deserta
121623,0.7652,Deserta
121624,0.4435,No deserta
121689,0.1412,No deserta
115042,0.9655,Deserta
121718,0.3417,No deserta
121719,0.8988,Deserta
90256,0.2029,No deserta
121766,0.8216,Deserta
121810,0.4192,No deserta
121811,0.9361,Deserta
121879,0.297,No deserta
121877,0.0776,No deserta
121878,0.9348,Deserta
121882,0.2159,No deserta
121955,0.8303,Deserta
107837,0.2651,No deserta
107736,0.8316,Deserta
122039,0.912,Deserta
122038,0.1684,No deserta
122037,0.32,No deserta
122041,0.8976,Deserta
122042,0.3612,No deserta
104685,0.9662,Deserta
122119,0.1288,No deserta
122124,0.816,Deserta
122121,0.2622,No deserta
122125,0.1183,No deserta
122120,0.2226,No deserta
122122,0.0845,No deserta
122126,0.68,Deserta
122235,0.2961,No deserta
122242,0.9122,Deserta
122239,0.3524,No deserta
122248,0.9183,Deserta
122247,0.2107,No deserta
122244,0.2257,No deserta
122249,0.2249,No deserta
122245,0.1125,No deserta
122240,0.2157,No deserta
122238,0.1957,No deserta
122246,0.111,No deserta
122241,0.2178,No deserta
122251,0.2741,No deserta
122254,0.2052,No deserta
122250,0.2066,No deserta
122257,0.2207,No deserta
122256,0.3548,No deserta
122258,0.146,No deserta
99221,0.3998,No deserta
102032,0.5861,Deserta
122435,0.1748,No deserta
122436,0.2433,No deserta
122441,0.2803,No deserta
122440,0.9212,Deserta
122444,0.3488,No deserta
122443,0.1026,No deserta
122447,0.4997,No deserta
122448,0.2189,No deserta
122523,0.0736,No deserta
122522,0.2667,No deserta
122526,0.1731,No deserta
122527,0.3034,No deserta
122521,0.1652,No deserta
122524,0.7788,Deserta
122528,0.4742,No deserta
103588,0.9578,Deserta
122614,0.9657,Deserta
122615,0.6531,Deserta
122616,0.2255,No deserta
122681,0.1003,No deserta
122678,0.2145,No deserta
122676,0.1549,No deserta
122679,0.18,No deserta
122680,0.1096,No deserta
122677,0.1395,No deserta
122863,0.9635,Deserta
122864,0.1612,No deserta
122865,0.1047,No deserta
122866,0.7048,Deserta
122928,0.0834,No deserta
122925,0.3381,No deserta
122929,0.1098,No deserta
122937,0.1103,No deserta
123079,0.9488,Deserta
123081,0.0678,No deserta
123085,0.2026,No deserta
123084,0.9204,Deserta
123234,0.1344,No deserta
123232,0.2759,No deserta
123233,0.9331,Deserta
123236,0.1264,No deserta
123388,0.8904,Deserta
123389,0.1211,No deserta
123474,0.482,No deserta
123564,0.1119,No deserta
123566,0.3361,No deserta
123569,0.9375,Deserta
123565,0.8754,Deserta
123571,0.4226,No deserta
123568,0.0751,No deserta
123584,0.4479,No deserta
123637,0.9196,Deserta
123641,0.9136,Deserta
123785,0.9304,Deserta
123787,0.1972,No deserta
123786,0.9013,Deserta
123905,0.8908,Deserta
123902,0.1418,No deserta
123961,0.9341,Deserta
123960,0.0893,No deserta
124019,0.2874,No deserta
124018,0.2479,No deserta
124109,0.9409,Deserta
124107,0.1358,No deserta
124110,0.8035,Deserta
124169,0.0739,No deserta
124170,0.8123,Deserta
124172,0.1682,No deserta
124173,0.4802,No deserta
124175,0.4905,No deserta
124174,0.9385,Deserta
124484,0.0384,No deserta
108549,0.0443,No deserta
124846,0.0503,No deserta
115263,0.0667,No deserta
125018,0.0318,No deserta
125224,0.0527,No deserta
101179,0.0453,No deserta
125757,0.0382,No deserta
125763,0.0392,No deserta
125819,0.0552,No deserta
125891,0.0381,No deserta
125892,0.0413,No deserta
126183,0.0979,No deserta
126184,0.0502,No deserta
126280,0.5073,Deserta
126281,0.0253,No deserta
126668,0.0383,No deserta
126679,0.0613,No deserta
111975,0.0606,No deserta
127105,0.029,No deserta
127178,0.0336,No deserta
101938,0.5085,Deserta
127369,0.0668,No deserta
127449,0.0218,No deserta
127865,0.036,No deserta
127866,0.03,No deserta
106232,0.0319,No deserta
120680,0.7707,Deserta
128626,0.0389,No deserta
128772,0.0235,No deserta
129140,0.0243,No deserta
129141,0.0093,No deserta
129349,0.0337,No deserta
129350,0.017,No deserta
113409,0.4944,No deserta
129535,0.0262,No deserta
129607,0.026,No deserta
130116,0.0321,No deserta
130216,0.0166,No deserta
130217,0.3967,No deserta
130408,0.2221,No deserta
130437,0.0196,No deserta
130511,0.0341,No deserta
130555,0.02,No deserta
130764,0.0216,No deserta
131055,0.0117,No deserta
131341,0.0213,No deserta
133251,0.0244,No deserta
133714,0.5355,Deserta
133951,0.0299,No deserta
133954,0.0254,No deserta
133950,0.024,No deserta
133952,0.0285,No deserta
133953,0.0265,No deserta
133956,0.0108,No deserta
133955,0.0193,No deserta
133957,0.0131,No deserta
134243,0.0083,No deserta
134244,0.0394,No deserta
134466,0.0166,No deserta
134467,0.0308,No deserta
134464,0.017,No deserta
134619,0.0167,No deserta
134733,0.0197,No deserta
135101,0.0385,No deserta
135102,0.019,No deserta
135203,0.0209,No deserta
135236,0.0228,No deserta
135425,0.6134,Deserta
135682,0.0178,No deserta
135683,0.0288,No deserta
135693,0.0204,No deserta
135692,0.9176,Deserta
136137,0.0158,No deserta
136297,0.0193,No deserta
136851,0.0165,No deserta
136889,0.0101,No deserta
137032,0.0248,No deserta
137184,0.0161,No deserta
137386,0.0217,No deserta
138063,0.0164,No deserta
138392,0.0211,No deserta
139068,0.0124,No deserta
139067,0.0397,No deserta
139470,0.0182,No deserta
139471,0.941,Deserta
139472,0.0158,No deserta
139475,0.0133,No deserta
139477,0.0152,No deserta
139474,0.024,No deserta
139473,0.0133,No deserta
139476,0.0095,No deserta
139837,0.0122,No deserta
139835,0.0112,No deserta
139834,0.0172,No deserta
139861,0.7368,Deserta
139903,0.0089,No deserta
140052,0.8638,Deserta
140054,0.0147,No deserta
140051,0.6889,Deserta
140053,0.0347,No deserta
140055,0.0183,No deserta
140056,0.017,No deserta
140655,0.0074,No deserta
140656,0.0451,No deserta
140747,0.027,No deserta
140786,0.0064,No deserta
140903,0.049,No deserta
141053,0.012,No deserta
141178,0.0226,No deserta
141280,0.4899,No deserta
141687,0.0241,No deserta
141925,0.0349,No deserta
141979,0.1458,No deserta
142086,0.0864,No deserta
142467,0.0125,No deserta
142543,0.9611,Deserta
142863,0.0122,No deserta
124274,0.8963,Deserta
124276,0.136,No deserta
124272,0.1549,No deserta
124277,0.1325,No deserta
124280,0.9214,Deserta
124279,0.8293,Deserta
124278,0.8759,Deserta
124282,0.2633,No deserta
124285,0.8772,Deserta
124284,0.7266,Deserta
124286,0.498,No deserta
124374,0.8722,Deserta
124376,0.4313,No deserta
124373,0.2882,No deserta
124375,0.1616,No deserta
124402,0.2696,No deserta
124403,0.8976,Deserta
124401,0.4545,No deserta
124493,0.8874,Deserta
124494,0.9124,Deserta
124495,0.076,No deserta
124568,0.2637,No deserta
124570,0.7213,Deserta
124569,0.3299,No deserta
124567,0.1324,No deserta
124571,0.9333,Deserta
124624,0.6759,Deserta
124628,0.6948,Deserta
100567,0.6922,Deserta
113618,0.7988,Deserta
119267,0.1871,No deserta
91031,0.3598,No deserta
115336,0.9342,Deserta
90968,0.6813,Deserta
124806,0.8937,Deserta
124807,0.9409,Deserta
124811,0.8606,Deserta
124808,0.1188,No deserta
124812,0.1333,No deserta
124940,0.1143,No deserta
124941,0.9589,Deserta
105175,0.7963,Deserta
125076,0.3866,No deserta
125075,0.1478,No deserta
125074,0.4191,No deserta
125078,0.1956,No deserta
106323,0.9561,Deserta
102394,0.8382,Deserta
106173,0.8826,Deserta
42031,0.1661,No deserta
87128,0.1565,No deserta
125285,0.7631,Deserta
125302,0.1395,No deserta
125300,0.2783,No deserta
125303,0.8417,Deserta
125304,0.1432,No deserta
125373,0.1372,No deserta
125372,0.921,Deserta
125371,0.9532,Deserta
105231,0.6242,Deserta
113585,0.9319,Deserta
125482,0.8266,Deserta
125483,0.9465,Deserta
76768,0.8485,Deserta
86499,0.2908,No deserta
125587,0.3867,No deserta
102361,0.9355,Deserta
73171,0.8563,Deserta
125693,0.7204,Deserta
125724,0.8959,Deserta
125722,0.2274,No deserta
125723,0.9111,Deserta
86712,0.7751,Deserta
125839,0.1407,No deserta
125840,0.8921,Deserta
125912,0.5879,Deserta
126010,0.1884,No deserta
126069,0.9083,Deserta
126071,0.2472,No deserta
55683,0.3454,No deserta
82747,0.3873,No deserta
126213,0.9291,Deserta
126214,0.13,No deserta
126215,0.2277,No deserta
126339,0.9376,Deserta
42505,0.7881,Deserta
82963,0.5289,Deserta
126496,0.9443,Deserta
126500,0.1347,No deserta
126499,0.935,Deserta
126508,0.8684,Deserta
126509,0.4825,No deserta
126684,0.935,Deserta
126605,0.149,No deserta
126606,0.9258,Deserta
126628,0.2563,No deserta
126728,0.9573,Deserta
126804,0.1599,No deserta
126856,0.0726,No deserta
126889,0.5014,Deserta
126910,0.3361,No deserta
126911,0.1482,No deserta
126913,0.3365,No deserta
117522,0.1335,No deserta
126972,0.2269,No deserta
126973,0.2268,No deserta
126974,0.2159,No deserta
127002,0.8443,Deserta
127020,0.9018,Deserta
127021,0.962,Deserta
127022,0.8765,Deserta
94883,0.192,No deserta
127081,0.4241,No deserta
127083,0.2885,No deserta
127159,0.4914,No deserta
127160,0.8647,Deserta
127194,0.7987,Deserta
127195,0.931,Deserta
127193,0.8896,Deserta
127196,0.7956,Deserta
99280,0.1976,No deserta
127335,0.3307,No deserta
127398,0.8155,Deserta
127400,0.1123,No deserta
127462,0.5612,Deserta
127461,0.1605,No deserta
127460,0.1558,No deserta
127463,0.6436,Deserta
122446,0.3382,No deserta
123238,0.896,Deserta
127520,0.8954,Deserta
127521,0.7502,Deserta
127570,0.7411,Deserta
127572,0.0917,No deserta
115795,0.1708,No deserta
127611,0.122,No deserta
127612,0.256,No deserta
104225,0.9017,Deserta
126068,0.1251,No deserta
119368,0.9209,Deserta
127675,0.9302,Deserta
83068,0.2105,No deserta
127761,0.8648,Deserta
127767,0.2015,No deserta
110457,0.8451,Deserta
127832,0.037,No deserta
127894,0.8891,Deserta
127921,0.4964,No deserta
127923,0.1541,No deserta
127924,0.1066,No deserta
127922,0.1263,No deserta
127925,0.8961,Deserta
127926,0.6967,Deserta
127955,0.8973,Deserta
128002,0.0777,No deserta
98828,0.2577,No deserta
79953,0.879,Deserta
110311,0.7815,Deserta
118159,0.8152,Deserta
128106,0.1282,No deserta
128105,0.0647,No deserta
128103,0.7233,Deserta
128107,0.9164,Deserta
113978,0.0802,No deserta
81868,0.445,No deserta
116956,0.849,Deserta
128231,0.1369,No deserta
104279,0.8204,Deserta
128330,0.079,No deserta
128331,0.8732,Deserta
128332,0.1334,No deserta
128335,0.6514,Deserta
128336,0.3598,No deserta
128348,0.5775,Deserta
119529,0.1428,No deserta
93103,0.1186,No deserta
128478,0.1035,No deserta
128479,0.8777,Deserta
128480,0.6475,Deserta
128515,0.8486,Deserta
72925,0.2181,No deserta
118039,0.8962,Deserta
117666,0.9487,Deserta
128643,0.3943,No deserta
128644,0.1622,No deserta
128695,0.7232,Deserta
128696,0.1911,No deserta
128697,0.8808,Deserta
100349,0.3045,No deserta
128781,0.3614,No deserta
128799,0.881,Deserta
116216,0.9472,Deserta
109175,0.7946,Deserta
129018,0.7702,Deserta
112865,0.7332,Deserta
95890,0.4014,No deserta
129089,0.1019,No deserta
129090,0.293,No deserta
108220,0.8602,Deserta
148472,0.1513,No deserta
113142,0.9298,Deserta
129186,0.8439,Deserta
147504,0.9108,Deserta
110953,0.89,Deserta
129233,0.8814,Deserta
129267,0.6985,Deserta
129308,0.6141,Deserta
61738,0.8329,Deserta
129369,0.9121,Deserta
129378,0.1039,No deserta
109113,0.1533,No deserta
105879,0.2199,No deserta
129482,0.1513,No deserta
129483,0.1847,No deserta
129509,0.8811,Deserta
74989,0.3838,No deserta
147653,0.5546,Deserta
86615,0.5878,Deserta
106172,0.6298,Deserta
105210,0.8521,Deserta
124022,0.7998,Deserta
96295,0.6384,Deserta
85552,0.0813,No deserta
112862,0.8068,Deserta
129682,0.9131,Deserta
129693,0.1998,No deserta
114028,0.1513,No deserta
113587,0.9247,Deserta
129770,0.1922,No deserta
129787,0.267,No deserta
129803,0.9162,Deserta
129837,0.0966,No deserta
129930,0.8263,Deserta
129929,0.082,No deserta
129981,0.0726,No deserta
129982,0.0779,No deserta
107947,0.784,Deserta
130129,0.3676,No deserta
130160,0.9178,Deserta
130163,0.1234,No deserta
130222,0.0696,No deserta
130223,0.9178,Deserta
130266,0.0743,No deserta
130269,0.1703,No deserta
130332,0.0875,No deserta
130333,0.1157,No deserta
130370,0.5833,Deserta
130412,0.1248,No deserta
130413,0.6789,Deserta
130439,0.553,Deserta
130478,0.8071,Deserta
130479,0.1676,No deserta
130520,0.8889,Deserta
130513,0.0693,No deserta
130514,0.6152,Deserta
130640,0.8899,Deserta
130656,0.9183,Deserta
130727,0.9521,Deserta
130729,0.4137,No deserta
130767,0.0973,No deserta
130769,0.648,Deserta
130807,0.4284,No deserta
130840,0.8916,Deserta
130841,0.898,Deserta
130843,0.1864,No deserta
130842,0.0959,No deserta
130844,0.9388,Deserta
130898,0.7867,Deserta
130899,0.3179,No deserta
130902,0.0978,No deserta
130962,0.9162,Deserta
130961,0.0484,No deserta
130960,0.0249,No deserta
130979,0.0971,No deserta
130980,0.5334,Deserta
131058,0.7715,Deserta
131059,0.7662,Deserta
131138,0.5509,Deserta
131132,0.9424,Deserta
131231,0.9775,Deserta
131282,0.957,Deserta
131281,0.0456,No deserta
131277,0.0874,No deserta
131280,0.9201,Deserta
131279,0.9344,Deserta
131284,0.7965,Deserta
131298,0.2437,No deserta
131543,0.8799,Deserta
131545,0.0283,No deserta
131547,0.112,No deserta
131546,0.1007,No deserta
131551,0.1019,No deserta
131550,0.0454,No deserta
131549,0.5085,Deserta
131552,0.1756,No deserta
131553,0.3014,No deserta
131554,0.147,No deserta
131576,0.3038,No deserta
131742,0.0829,No deserta
131743,0.8358,Deserta
131741,0.7142,Deserta
131739,0.1014,No deserta
131745,0.1425,No deserta
131747,0.8914,Deserta
131746,0.7355,Deserta
132012,0.0765,No deserta
132018,0.6825,Deserta
132020,0.6624,Deserta
132016,0.1383,No deserta
132017,0.1181,No deserta
132182,0.0846,No deserta
132184,0.0664,No deserta
132190,0.9052,Deserta
132191,0.1276,No deserta
132194,0.8022,Deserta
132187,0.2495,No deserta
132189,0.8681,Deserta
132188,0.737,Deserta
132186,0.0464,No deserta
132199,0.4883,No deserta
132196,0.0655,No deserta
132197,0.9236,Deserta
132198,0.4411,No deserta
132248,0.2818,No deserta
132250,0.8915,Deserta
132449,0.159,No deserta
132450,0.053,No deserta
132452,0.872,Deserta
132448,0.819,Deserta
132451,0.884,Deserta
132454,0.91,Deserta
132457,0.2642,No deserta
132458,0.7188,Deserta
132456,0.7889,Deserta
132468,0.129,No deserta
132592,0.3966,No deserta
132632,0.8707,Deserta
132636,0.0383,No deserta
132634,0.1169,No deserta
132637,0.155,No deserta
132733,0.2728,No deserta
132732,0.9392,Deserta
132734,0.8261,Deserta
132815,0.0513,No deserta
132819,0.3067,No deserta
132818,0.9382,Deserta
132816,0.8486,Deserta
132814,0.0853,No deserta
132823,0.9356,Deserta
132822,0.0984,No deserta
132825,0.8769,Deserta
132826,0.1016,No deserta
133017,0.4832,No deserta
133033,0.9183,Deserta
133031,0.2984,No deserta
133039,0.8768,Deserta
133034,0.9297,Deserta
133038,0.8922,Deserta
133037,0.9087,Deserta
133268,0.9085,Deserta
133269,0.7662,Deserta
133265,0.0471,No deserta
133266,0.7273,Deserta
133276,0.9085,Deserta
133271,0.8769,Deserta
133274,0.2381,No deserta
133278,0.8792,Deserta
133273,0.1046,No deserta
133272,0.0452,No deserta
133285,0.5546,Deserta
133284,0.4626,No deserta
133279,0.0775,No deserta
133286,0.1741,No deserta
133283,0.9278,Deserta
133281,0.0873,No deserta
133293,0.0424,No deserta
133294,0.1196,No deserta
133295,0.8863,Deserta
133289,0.8436,Deserta
133290,0.0454,No deserta
133292,0.7733,Deserta
133311,0.8915,Deserta
133305,0.8618,Deserta
133304,0.8453,Deserta
133310,0.7276,Deserta
133297,0.1074,No deserta
133298,0.0605,No deserta
133300,0.1004,No deserta
133307,0.0991,No deserta
133309,0.1021,No deserta
133312,0.9511,Deserta
133314,0.0547,No deserta
133313,0.4239,No deserta
133321,0.1728,No deserta
133318,0.7987,Deserta
133322,0.2401,No deserta
133463,0.8811,Deserta
133472,0.8372,Deserta
133551,0.6572,Deserta
133555,0.3768,No deserta
133561,0.1302,No deserta
133568,0.5183,Deserta
133570,0.8796,Deserta
133558,0.0609,No deserta
133560,0.0774,No deserta
133567,0.7619,Deserta
133566,0.1053,No deserta
133557,0.1029,No deserta
133575,0.8299,Deserta
133574,0.2013,No deserta
133572,0.954,Deserta
133576,0.7344,Deserta
133571,0.1851,No deserta
133573,0.7594,Deserta
133738,0.9092,Deserta
133730,0.8789,Deserta
133731,0.7754,Deserta
133735,0.0627,No deserta
133740,0.9017,Deserta
133741,0.3765,No deserta
133742,0.1321,No deserta
133746,0.7436,Deserta
133745,0.2282,No deserta
133743,0.6773,Deserta
133744,0.5462,Deserta
133747,0.0495,No deserta
133808,0.0753,No deserta
133972,0.3265,No deserta
133973,0.8885,Deserta
133974,0.0711,No deserta
133978,0.8982,Deserta
133976,0.3014,No deserta
133975,0.9035,Deserta
134015,0.0897,No deserta
134167,0.8715,Deserta
134164,0.1052,No deserta
134163,0.1909,No deserta
134162,0.8781,Deserta
134165,0.0519,No deserta
134166,0.8293,Deserta
134170,0.8572,Deserta
134236,0.773,Deserta
134248,0.0613,No deserta
134249,0.8865,Deserta
134257,0.9002,Deserta
134256,0.1928,No deserta
134255,0.8943,Deserta
134250,0.0462,No deserta
134251,0.1184,No deserta
134261,0.9593,Deserta
134262,0.9641,Deserta
134490,0.8559,Deserta
134487,0.0759,No deserta
134488,0.9512,Deserta
134489,0.2907,No deserta
134494,0.8932,Deserta
134495,0.889,Deserta
134499,0.2427,No deserta
134502,0.905,Deserta
134505,0.0738,No deserta
134530,0.8924,Deserta
134625,0.9378,Deserta
134636,0.6904,Deserta
134637,0.1058,No deserta
134634,0.9234,Deserta
134641,0.1098,No deserta
134640,0.7711,Deserta
134902,0.9199,Deserta
135041,0.846,Deserta
135013,0.8657,Deserta
135106,0.9624,Deserta
135112,0.7524,Deserta
135164,0.9133,Deserta
135199,0.2566,No deserta
135264,0.8868,Deserta
135321,0.5715,Deserta
135359,0.8927,Deserta
135361,0.127,No deserta
135369,0.874,Deserta
135373,0.9095,Deserta
135466,0.6947,Deserta
135553,0.0712,No deserta
135554,0.7767,Deserta
135609,0.1306,No deserta
135629,0.1482,No deserta
135628,0.9185,Deserta
135631,0.1841,No deserta
135632,0.0919,No deserta
135630,0.077,No deserta
135633,0.1011,No deserta
135634,0.9303,Deserta
135695,0.1389,No deserta
135700,0.796,Deserta
135699,0.8789,Deserta
135696,0.1345,No deserta
135702,0.2421,No deserta
135697,0.8456,Deserta
135698,0.882,Deserta
135701,0.922,Deserta
135705,0.11,No deserta
135707,0.0658,No deserta
135704,0.1698,No deserta
135706,0.7884,Deserta
135709,0.438,No deserta
135710,0.5398,Deserta
135792,0.8554,Deserta
135775,0.23,No deserta
135776,0.7424,Deserta
135794,0.1199,No deserta
62729,0.8476,Deserta
135806,0.9209,Deserta
135810,0.1236,No deserta
135842,0.0834,No deserta
135845,0.8446,Deserta
135868,0.2029,No deserta
135869,0.1376,No deserta
105914,0.1932,No deserta
146126,0.1132,No deserta
133277,0.8844,Deserta
135889,0.9305,Deserta
135890,0.7231,Deserta
135929,0.0408,No deserta
135938,0.178,No deserta
135947,0.9056,Deserta
135945,0.1569,No deserta
127497,0.089,No deserta
135988,0.8827,Deserta
115040,0.8795,Deserta
135995,0.1654,No deserta
136006,0.932,Deserta
136019,0.728,Deserta
104539,0.7121,Deserta
136031,0.0869,No deserta
136062,0.5513,Deserta
136067,0.2184,No deserta
136086,0.2125,No deserta
136144,0.088,No deserta
136147,0.892,Deserta
136216,0.8464,Deserta
136218,0.4541,No deserta
136214,0.1002,No deserta
136215,0.0576,No deserta
136221,0.9054,Deserta
136220,0.4681,No deserta
136298,0.8861,Deserta
136299,0.8977,Deserta
136303,0.1568,No deserta
136375,0.592,Deserta
136376,0.0451,No deserta
136377,0.522,Deserta
136378,0.901,Deserta
136379,0.8514,Deserta
136380,0.866,Deserta
136408,0.0734,No deserta
136412,0.2806,No deserta
136411,0.8971,Deserta
136447,0.3799,No deserta
136448,0.3414,No deserta
87818,0.6169,Deserta
136540,0.3263,No deserta
136538,0.8189,Deserta
136539,0.5818,Deserta
136543,0.0946,No deserta
136601,0.8892,Deserta
108598,0.897,Deserta
136645,0.7812,Deserta
136644,0.9477,Deserta
136648,0.0684,No deserta
136643,0.1382,No deserta
136646,0.184,No deserta
136653,0.0927,No deserta
136650,0.9063,Deserta
136655,0.8498,Deserta
136657,0.5534,Deserta
136658,0.1369,No deserta
136762,0.7557,Deserta
107389,0.873,Deserta
78902,0.6165,Deserta
136910,0.879,Deserta
136909,0.7381,Deserta
136911,0.0889,No deserta
136908,0.0881,No deserta
136912,0.1605,No deserta
136921,0.2483,No deserta
136914,0.6614,Deserta
136922,0.0595,No deserta
136916,0.8717,Deserta
136919,0.8927,Deserta
136918,0.8759,Deserta
136920,0.0779,No deserta
136913,0.1706,No deserta
136917,0.0741,No deserta
136927,0.264,No deserta
136923,0.0781,No deserta
136926,0.0826,No deserta
136932,0.5585,Deserta
136930,0.618,Deserta
136929,0.4207,No deserta
136934,0.4518,No deserta
136931,0.7393,Deserta
136936,0.3292,No deserta
136935,0.0628,No deserta
137015,0.0464,No deserta
137016,0.1181,No deserta
137017,0.1918,No deserta
137018,0.9211,Deserta
137078,0.5394,Deserta
137141,0.9198,Deserta
137170,0.9399,Deserta
137171,0.9082,Deserta
137176,0.3642,No deserta
137179,0.1011,No deserta
137262,0.2688,No deserta
137263,0.87,Deserta
137278,0.4389,No deserta
137300,0.855,Deserta
137456,0.0697,No deserta
137458,0.843,Deserta
137504,0.8779,Deserta
137505,0.2735,No deserta
137506,0.0862,No deserta
137509,0.8701,Deserta
137612,0.8258,Deserta
137613,0.9129,Deserta
137616,0.1171,No deserta
137752,0.8395,Deserta
137737,0.9124,Deserta
109575,0.8914,Deserta
118837,0.6537,Deserta
137794,0.0642,No deserta
137797,0.3221,No deserta
137799,0.7388,Deserta
137803,0.8723,Deserta
137806,0.0553,No deserta
137811,0.8343,Deserta
137818,0.2253,No deserta
137819,0.6598,Deserta
137947,0.045,No deserta
137945,0.084,No deserta
137948,0.8914,Deserta
137946,0.4553,No deserta
137944,0.9226,Deserta
137953,0.1793,No deserta
137952,0.7914,Deserta
137951,0.1412,No deserta
138016,0.1818,No deserta
138013,0.8949,Deserta
138014,0.9306,Deserta
138015,0.871,Deserta
138017,0.8808,Deserta
120657,0.8315,Deserta
138025,0.055,No deserta
138027,0.0538,No deserta
138026,0.854,Deserta
138030,0.7897,Deserta
138028,0.4567,No deserta
138029,0.7164,Deserta
138055,0.1975,No deserta
138058,0.7237,Deserta
138068,0.9251,Deserta
138070,0.8816,Deserta
138174,0.8524,Deserta
138178,0.3252,No deserta
138176,0.8168,Deserta
138175,0.0538,No deserta
138179,0.8276,Deserta
138180,0.1314,No deserta
138416,0.8737,Deserta
138417,0.0748,No deserta
138418,0.8788,Deserta
138419,0.0925,No deserta
138420,0.9368,Deserta
138423,0.1361,No deserta
138421,0.0517,No deserta
138422,0.9245,Deserta
138424,0.0507,No deserta
138426,0.8903,Deserta
138425,0.8589,Deserta
138639,0.6321,Deserta
138640,0.4684,No deserta
138642,0.9221,Deserta
138644,0.0387,No deserta
138647,0.7125,Deserta
138648,0.4473,No deserta
138646,0.0449,No deserta
138645,0.5002,Deserta
138747,0.8261,Deserta
138751,0.4792,No deserta
138750,0.916,Deserta
138752,0.0997,No deserta
138753,0.4882,No deserta
138755,0.809,Deserta
138795,0.8068,Deserta
138804,0.5526,Deserta
138779,0.9812,Deserta
138778,0.2375,No deserta
138788,0.1583,No deserta
138787,0.0326,No deserta
138872,0.7903,Deserta
138858,0.355,No deserta
139023,0.3334,No deserta
138964,0.7597,Deserta
139010,0.6532,Deserta
139009,0.9332,Deserta
139015,0.0481,No deserta
139117,0.6817,Deserta
139116,0.8851,Deserta
139135,0.8227,Deserta
139134,0.0619,No deserta
139133,0.552,Deserta
139136,0.1088,No deserta
139288,0.2403,No deserta
139257,0.1458,No deserta
139274,0.9407,Deserta
139304,0.0563,No deserta
139303,0.8638,Deserta
139307,0.7117,Deserta
139309,0.6917,Deserta
139308,0.6963,Deserta
139313,0.3878,No deserta
139507,0.4802,No deserta
139486,0.2484,No deserta
139487,0.0362,No deserta
139488,0.134,No deserta
139493,0.9218,Deserta
139492,0.8983,Deserta
139494,0.1782,No deserta
139608,0.9261,Deserta
139611,0.8629,Deserta
139609,0.6427,Deserta
139610,0.7183,Deserta
139606,0.9132,Deserta
139605,0.9207,Deserta
139612,0.9086,Deserta
139640,0.9331,Deserta
139641,0.0877,No deserta
139741,0.8663,Deserta
139745,0.1724,No deserta
139748,0.1739,No deserta
139746,0.9697,Deserta
139747,0.3949,No deserta
139908,0.4083,No deserta
139909,0.8562,Deserta
139979,0.1037,No deserta
140011,0.0439,No deserta
140021,0.0539,No deserta
140118,0.3556,No deserta
140117,0.9315,Deserta
140168,0.9054,Deserta
140201,0.0857,No deserta
140297,0.5503,Deserta
140328,0.7338,Deserta
140355,0.7808,Deserta
140332,0.5216,Deserta
140510,0.2006,No deserta
140514,0.1982,No deserta
140584,0.0481,No deserta
140610,0.489,No deserta
140617,0.8377,Deserta
140625,0.9299,Deserta
140631,0.3772,No deserta
140658,0.948,Deserta
140657,0.8991,Deserta
140660,0.1356,No deserta
140701,0.3073,No deserta
140702,0.9585,Deserta
140726,0.3743,No deserta
140728,0.2057,No deserta
140807,0.8806,Deserta
140824,0.1883,No deserta
140864,0.8991,Deserta
140863,0.0619,No deserta
140956,0.6196,Deserta
140960,0.0916,No deserta
140985,0.8516,Deserta
140987,0.9016,Deserta
141010,0.1178,No deserta
141029,0.5247,Deserta
141027,0.8548,Deserta
141030,0.0736,No deserta
141065,0.5703,Deserta
141064,0.5998,Deserta
141068,0.1117,No deserta
141082,0.8632,Deserta
141148,0.0399,No deserta
141253,0.5937,Deserta
141249,0.103,No deserta
141252,0.1254,No deserta
141250,0.8214,Deserta
141248,0.7229,Deserta
141288,0.9255,Deserta
141359,0.6518,Deserta
141351,0.05,No deserta
141353,0.5906,Deserta
141355,0.0649,No deserta
141352,0.9463,Deserta
141432,0.8285,Deserta
141464,0.055,No deserta
141468,0.8205,Deserta
141467,0.7948,Deserta
141466,0.0776,No deserta
141521,0.0452,No deserta
141522,0.0467,No deserta
141523,0.9243,Deserta
141552,0.0993,No deserta
141584,0.1784,No deserta
141587,0.8788,Deserta
141651,0.056,No deserta
141650,0.027,No deserta
141649,0.3841,No deserta
141675,0.7034,Deserta
141746,0.0174,No deserta
141748,0.1115,No deserta
141747,0.827,Deserta
141749,0.8952,Deserta
141767,0.1191,No deserta
141768,0.1153,No deserta
141769,0.8246,Deserta
141790,0.8324,Deserta
141789,0.7853,Deserta
141785,0.0426,No deserta
141788,0.1725,No deserta
141787,0.9226,Deserta
141786,0.2746,No deserta
141792,0.1038,No deserta
141791,0.8226,Deserta
141799,0.0562,No deserta
141793,0.0186,No deserta
141800,0.9054,Deserta
141795,0.7176,Deserta
141841,0.3035,No deserta
141858,0.8972,Deserta
141859,0.2025,No deserta
141857,0.0199,No deserta
141860,0.0154,No deserta
141924,0.0316,No deserta
142065,0.111,No deserta
142066,0.348,No deserta
142071,0.9168,Deserta
142072,0.7766,Deserta
142068,0.0375,No deserta
142069,0.1347,No deserta
142073,0.1732,No deserta
142226,0.0476,No deserta
142220,0.8541,Deserta
142228,0.9141,Deserta
142222,0.5514,Deserta
142225,0.8849,Deserta
142227,0.5209,Deserta
142223,0.3523,No deserta
142296,0.5982,Deserta
142421,0.8634,Deserta
142419,0.8465,Deserta
142417,0.8898,Deserta
142420,0.2011,No deserta
142426,0.0693,No deserta
142429,0.0886,No deserta
142427,0.2112,No deserta
142428,0.161,No deserta
142425,0.0874,No deserta
142431,0.9535,Deserta
142433,0.7694,Deserta
142436,0.0414,No deserta
142432,0.825,Deserta
142437,0.6329,Deserta
142430,0.9395,Deserta
142434,0.6125,Deserta
142435,0.9129,Deserta
142590,0.9129,Deserta
142591,0.0349,No deserta
142592,0.8937,Deserta
142593,0.0789,No deserta
142598,0.034,No deserta
142594,0.034,No deserta
142596,0.4437,No deserta
142607,0.8491,Deserta
142606,0.8045,Deserta
142608,0.0627,No deserta
142621,0.0521,No deserta
142620,0.1984,No deserta
142623,0.8146,Deserta
142625,0.5265,Deserta
142624,0.201,No deserta
142635,0.034,No deserta
142629,0.7769,Deserta
142639,0.0445,No deserta
142633,0.0314,No deserta
142627,0.0609,No deserta
142630,0.8153,Deserta
142634,0.9442,Deserta
142642,0.0142,No deserta
142643,0.0295,No deserta
142632,0.6766,Deserta
142631,0.073,No deserta
142626,0.0296,No deserta
142640,0.8978,Deserta
142646,0.4906,No deserta
142644,0.1125,No deserta
142663,0.1234,No deserta
142699,0.9038,Deserta
142697,0.0156,No deserta
142843,0.9158,Deserta
142842,0.0824,No deserta
142847,0.9002,Deserta
142845,0.1762,No deserta
142851,0.8981,Deserta
142852,0.0857,No deserta
142853,0.6746,Deserta
142850,0.0362,No deserta
142887,0.922,Deserta
142886,0.8588,Deserta
142889,0.0351,No deserta
142885,0.0303,No deserta
142890,0.0775,No deserta
142883,0.8608,Deserta
142884,0.0939,No deserta
142892,0.0576,No deserta
142888,0.1213,No deserta
142893,0.7477,Deserta
142928,0.8661,Deserta
142929,0.8072,Deserta
142960,0.3486,No deserta
142959,0.3027,No deserta
142988,0.1672,No deserta
142987,0.6815,Deserta
142989,0.042,No deserta
142991,0.0678,No deserta
142990,0.7823,Deserta
142993,0.4015,No deserta
143004,0.0257,No deserta
143005,0.7689,Deserta
143010,0.8688,Deserta
143007,0.6364,Deserta
143006,0.2156,No deserta
143011,0.0956,No deserta
143246,0.0044,No deserta
143503,0.0223,No deserta
143904,0.9206,Deserta
144769,0.0221,No deserta
144771,0.011,No deserta
144770,0.0093,No deserta
144772,0.0126,No deserta
145049,0.0143,No deserta
145048,0.0125,No deserta
145050,0.0257,No deserta
145211,0.0129,No deserta
145217,0.0172,No deserta
145214,0.0174,No deserta
145213,0.0117,No deserta
145216,0.0126,No deserta
145218,0.0158,No deserta
145215,0.0033,No deserta
145221,0.0119,No deserta
145223,0.7999,Deserta
145222,0.0105,No deserta
145219,0.0409,No deserta
145220,0.0374,No deserta
145232,0.6346,Deserta
150718,0.0061,No deserta
150850,0.0048,No deserta
150851,0.0047,No deserta
150847,0.0041,No deserta
151573,0.0066,No deserta
151602,0.0068,No deserta
151603,0.0088,No deserta
152747,0.006,No deserta
153450,0.0005,No deserta
153451,0.0037,No deserta
153570,0.0009,No deserta
153569,0.0013,No deserta
153576,0.0037,No deserta
153572,0.0179,No deserta
153573,0.0028,No deserta
153575,0.0014,No deserta
153733,0.0013,No deserta
153738,0.0027,No deserta
153734,0.0098,No deserta
153814,0.6324,Deserta
153815,0.5602,Deserta
153977,0.001,No deserta
153976,0.0035,No deserta
153979,0.0339,No deserta
153978,0.0035,No deserta
154101,0.0149,No deserta
154102,0.0009,No deserta
154106,0.0026,No deserta
154103,0.0109,No deserta
154104,0.003,No deserta
154292,0.0089,No deserta
154294,0.003,No deserta
154946,0.0083,No deserta
154987,0.4049,No deserta
155063,0.002,No deserta
155479,0.0322,No deserta
155673,0.001,No deserta
155674,0.0028,No deserta
156043,0.0025,No deserta
156044,0.0021,No deserta
156441,0.1843,No deserta
157466,0.0008,No deserta
157467,0.0022,No deserta
157468,0.0166,No deserta
157469,0.0082,No deserta
157713,0.1081,No deserta
157714,0.004,No deserta
157715,0.0077,No deserta
158043,0.0015,No deserta
158929,0.0035,No deserta
159153,0.0016,No deserta
160017,0.003,No deserta
160018,0.0058,No deserta
160098,0.002,No deserta
160167,0.0004,No deserta
160168,0.0085,No deserta
160372,0.0118,No deserta
160389,0.0657,No deserta
160440,0.0122,No deserta
160441,0.9534,Deserta
160443,0.0011,No deserta
160442,0.0013,No deserta
160491,0.1521,No deserta
160681,0.0028,No deserta
160779,0.0006,No deserta
160786,0.0161,No deserta
160791,0.0011,No deserta
160789,0.0762,No deserta
160787,0.7788,Deserta
160790,0.0066,No deserta
160871,0.7254,Deserta
160912,0.1213,No deserta
161319,0.3247,No deserta
162974,0.0016,No deserta
162975,0.0011,No deserta
162978,0.9674,Deserta
162977,0.0232,No deserta
162976,0.0011,No deserta
163607,0.0002,No deserta
163608,0.0004,No deserta
163611,0.0008,No deserta
163610,0.0039,No deserta
163615,0.0011,No deserta
163638,0.0016,No deserta
163637,0.001,No deserta
163640,0.0008,No deserta
163639,0.0129,No deserta
163720,0.0013,No deserta
163823,0.0337,No deserta
163971,0.0244,No deserta
164030,0.0019,No deserta
164029,0.9089,Deserta
164027,0.0006,No deserta
164026,0.0003,No deserta
164025,0.0038,No deserta
164028,0.0003,No deserta
164023,0.0003,No deserta
164035,0.0162,No deserta
164037,0.5658,Deserta
164034,0.9738,Deserta
164036,0.2347,No deserta
164032,0.0011,No deserta
164038,0.3078,No deserta
164033,0.0051,No deserta
164150,0.0226,No deserta
164151,0.0332,No deserta
164174,0.0024,No deserta
164477,0.0021,No deserta
164517,0.0111,No deserta
164515,0.0623,No deserta
164516,0.6395,Deserta
164666,0.0179,No deserta
164874,0.1509,No deserta
165087,0.931,Deserta
165145,0.7185,Deserta
165847,0.0046,No deserta
165849,0.0029,No deserta
165850,0.731,Deserta
165851,0.0028,No deserta
165852,0.0331,No deserta
166057,0.9083,Deserta
166172,0.0012,No deserta
166173,0.6677,Deserta
166174,0.0057,No deserta
166460,0.0078,No deserta
168140,0.8227,Deserta
168141,0.2446,No deserta
168472,0.0017,No deserta
168474,0.001,No deserta
168487,0.0015,No deserta
168486,0.0083,No deserta
168489,0.4993,No deserta
168576,0.0056,No deserta
168724,0.0042,No deserta
168725,0.6414,Deserta
169185,0.0009,No deserta
169192,0.0029,No deserta
169191,0.0025,No deserta
169435,0.0362,No deserta
169619,0.0038,No deserta
169690,0.0084,No deserta
170168,0.0036,No deserta
170340,0.0006,No deserta
170345,0.0037,No deserta
170346,0.0032,No deserta
170343,0.0642,No deserta
170342,0.0092,No deserta
170388,0.0021,No deserta
170496,0.0035,No deserta
170499,0.079,No deserta
170500,0.0026,No deserta
170509,0.0036,No deserta
170505,0.0055,No deserta
170507,0.0029,No deserta
170504,0.0086,No deserta
170506,0.0031,No deserta
170508,0.0005,No deserta
170512,0.0007,No deserta
170511,0.0013,No deserta
170519,0.001,No deserta
170560,0.0006,No deserta
170561,0.0609,No deserta
170646,0.1921,No deserta
170917,0.0351,No deserta
170916,0.0055,No deserta
171288,0.0196,No deserta
171418,0.0055,No deserta
171505,0.0622,No deserta
171506,0.0073,No deserta
172016,0.0613,No deserta
172017,0.0048,No deserta
172438,0.0029,No deserta
172881,0.0084,No deserta
173232,0.0019,No deserta
173229,0.0306,No deserta
173230,0.004,No deserta
173233,0.0038,No deserta
173234,0.004,No deserta
173379,0.0081,No deserta
173378,0.0187,No deserta
173377,0.0089,No deserta
173465,0.0084,No deserta
173709,0.0037,No deserta
173706,0.0057,No deserta
173707,0.002,No deserta
173708,0.0028,No deserta
173837,0.0136,No deserta
174101,0.001,No deserta
174112,0.0027,No deserta
174113,0.0221,No deserta
174762,0.0356,No deserta
174871,0.0377,No deserta
174938,0.0007,No deserta
174937,0.0007,No deserta
174944,0.0425,No deserta
174940,0.0046,No deserta
174943,0.0012,No deserta
174942,0.003,No deserta
174941,0.0037,No deserta
174967,0.0045,No deserta
174966,0.0038,No deserta
174968,0.0233,No deserta
174965,0.0073,No deserta
174963,0.0063,No deserta
174969,0.0021,No deserta
174964,0.0416,No deserta
175392,0.2224,No deserta
175649,0.0175,No deserta
175877,0.4838,No deserta
176299,0.0008,No deserta
176301,0.0231,No deserta
176300,0.0076,No deserta
176827,0.0017,No deserta
176828,0.0127,No deserta
176829,0.0083,No deserta
176832,0.0065,No deserta
176831,0.0049,No deserta
177067,0.0008,No deserta
177189,0.0104,No deserta
177190,0.0111,No deserta
177661,0.0178,No deserta
177698,0.0185,No deserta
177788,0.027,No deserta
177817,0.0799,No deserta
177951,0.026,No deserta
177953,0.0113,No deserta
177952,0.2,No deserta
178034,0.0031,No deserta
178033,0.234,No deserta
178039,0.0092,No deserta
178098,0.0084,No deserta
178099,0.0134,No deserta
178100,0.5605,Deserta
178412,0.0041,No deserta
178413,0.0356,No deserta
178593,0.0414,No deserta
178731,0.0342,No deserta
178730,0.0085,No deserta
178729,0.0095,No deserta
178732,0.036,No deserta
178733,0.0135,No deserta
178867,0.0904,No deserta
178866,0.0163,No deserta
179109,0.009,No deserta
179110,0.0656,No deserta
179308,0.0013,No deserta
179310,0.0032,No deserta
179311,0.0402,No deserta
179314,0.0099,No deserta
179316,0.0377,No deserta
179317,0.0141,No deserta
179321,0.1415,No deserta
179320,0.0045,No deserta
179480,0.212,No deserta
179788,0.0018,No deserta
179791,0.0405,No deserta
179795,0.4875,No deserta
179792,0.0196,No deserta
179796,0.0084,No deserta
179790,0.0638,No deserta
179794,0.0043,No deserta
179793,0.0714,No deserta
179884,0.0229,No deserta
180386,0.0135,No deserta
180721,0.0182,No deserta
182177,0.0162,No deserta
182211,0.0035,No deserta
182537,0.0076,No deserta
182536,0.1269,No deserta
183275,0.0075,No deserta
183274,0.293,No deserta
183277,0.015,No deserta
183307,0.0028,No deserta
183509,0.0056,No deserta
183510,0.0064,No deserta
183508,0.007,No deserta
183507,0.0018,No deserta
183768,0.0052,No deserta
183770,0.0029,No deserta
183772,0.0042,No deserta
183782,0.0477,No deserta
183781,0.0069,No deserta
183783,0.1763,No deserta
183786,0.0384,No deserta
183788,0.0121,No deserta
183789,0.0122,No deserta
183787,0.017,No deserta
183807,0.0054,No deserta
183812,0.0053,No deserta
183811,0.0019,No deserta
183808,0.0042,No deserta
183806,0.0232,No deserta
183809,0.0036,No deserta
183810,0.0031,No deserta
183816,0.0319,No deserta
183815,0.009,No deserta
183819,0.005,No deserta
183814,0.1387,No deserta
183813,0.0542,No deserta
183820,0.0105,No deserta
183818,0.015,No deserta
183817,0.0083,No deserta
183821,0.0194,No deserta
183822,0.017,No deserta
183823,0.0267,No deserta
183824,0.0096,No deserta
183955,0.1724,No deserta
184033,0.0009,No deserta
184035,0.0295,No deserta
184034,0.0186,No deserta
184037,0.0141,No deserta
184036,0.0196,No deserta
184072,0.0066,No deserta
184129,0.4323,No deserta
184903,0.0109,No deserta
187527,0.0331,No deserta
188313,0.0006,No deserta
189706,0.2493,No deserta
189767,0.0392,No deserta
189766,0.041,No deserta
190287,0.0262,No deserta
190280,0.0181,No deserta
190284,0.0098,No deserta
190290,0.0627,No deserta
190291,0.0202,No deserta
190293,0.0172,No deserta
190305,0.0074,No deserta
190301,0.0382,No deserta
190296,0.0126,No deserta
190303,0.0164,No deserta
190297,0.0138,No deserta
190300,0.0305,No deserta
190510,0.0233,No deserta
190508,0.0201,No deserta
190539,0.0412,No deserta
190540,0.0076,No deserta
190765,0.0114,No deserta
190762,0.0172,No deserta
190760,0.0534,No deserta
190766,0.0275,No deserta
190757,0.0288,No deserta
190758,0.0292,No deserta
191093,0.0245,No deserta
143183,0.7677,Deserta
143181,0.0206,No deserta
143185,0.8248,Deserta
143184,0.7316,Deserta
143182,0.0216,No deserta
143186,0.0281,No deserta
143190,0.0416,No deserta
143191,0.0348,No deserta
143189,0.7491,Deserta
143193,0.1384,No deserta
143192,0.6323,Deserta
143265,0.8464,Deserta
143407,0.0244,No deserta
143404,0.0184,No deserta
143406,0.1673,No deserta
143402,0.034,No deserta
143410,0.339,No deserta
143426,0.8446,Deserta
143453,0.0315,No deserta
143452,0.7961,Deserta
143454,0.9039,Deserta
143457,0.033,No deserta
143456,0.3658,No deserta
143518,0.9505,Deserta
143522,0.1269,No deserta
143521,0.7649,Deserta
143665,0.8175,Deserta
143669,0.8336,Deserta
143674,0.8017,Deserta
143670,0.8825,Deserta
143666,0.9336,Deserta
143668,0.0477,No deserta
143673,0.0352,No deserta
143677,0.8682,Deserta
143675,0.788,Deserta
143778,0.0281,No deserta
143779,0.0322,No deserta
143783,0.1228,No deserta
143782,0.0413,No deserta
143784,0.6385,Deserta
143796,0.9481,Deserta
143795,0.895,Deserta
143819,0.0139,No deserta
143821,0.9335,Deserta
143818,0.8424,Deserta
143816,0.2569,No deserta
143817,0.0752,No deserta
143824,0.2258,No deserta
143825,0.4403,No deserta
143828,0.9314,Deserta
143829,0.0341,No deserta
143823,0.6536,Deserta
143822,0.0405,No deserta
143831,0.0237,No deserta
143917,0.8014,Deserta
144091,0.0955,No deserta
144093,0.9174,Deserta
144141,0.935,Deserta
144240,0.9226,Deserta
144243,0.8506,Deserta
144309,0.272,No deserta
144389,0.8626,Deserta
144393,0.1223,No deserta
144394,0.9242,Deserta
144395,0.0167,No deserta
144541,0.3071,No deserta
144542,0.0198,No deserta
144803,0.9328,Deserta
144939,0.045,No deserta
145150,0.0561,No deserta
145474,0.6244,Deserta
145501,0.4003,No deserta
145502,0.3396,No deserta
145576,0.7902,Deserta
145656,0.0663,No deserta
145675,0.8932,Deserta
145684,0.7185,Deserta
145683,0.9089,Deserta
145755,0.0226,No deserta
145983,0.8096,Deserta
146085,0.9367,Deserta
146076,0.8459,Deserta
146081,0.7859,Deserta
146072,0.8783,Deserta
146080,0.785,Deserta
146084,0.2132,No deserta
146077,0.1226,No deserta
146071,0.5451,Deserta
146079,0.6957,Deserta
146070,0.1011,No deserta
146075,0.7893,Deserta
146083,0.0669,No deserta
146088,0.8837,Deserta
146261,0.9599,Deserta
146298,0.9582,Deserta
146297,0.824,Deserta
146296,0.9043,Deserta
146306,0.182,No deserta
146299,0.1996,No deserta
146301,0.9151,Deserta
146389,0.9244,Deserta
146391,0.556,Deserta
146392,0.3221,No deserta
146398,0.8934,Deserta
146393,0.4345,No deserta
146394,0.93,Deserta
146395,0.885,Deserta
146410,0.0339,No deserta
146538,0.9276,Deserta
146593,0.8108,Deserta
146646,0.0221,No deserta
146723,0.0214,No deserta
146722,0.9164,Deserta
146719,0.9485,Deserta
146720,0.7069,Deserta
146781,0.1755,No deserta
146782,0.1272,No deserta
146780,0.7287,Deserta
146789,0.9507,Deserta
146863,0.0258,No deserta
146865,0.1089,No deserta
146864,0.5409,Deserta
146948,0.4914,No deserta
146950,0.9629,Deserta
146951,0.9606,Deserta
146952,0.9657,Deserta
147363,0.8873,Deserta
147361,0.7767,Deserta
147362,0.9161,Deserta
147409,0.0999,No deserta
147510,0.9076,Deserta
147515,0.336,No deserta
147517,0.8948,Deserta
147516,0.8586,Deserta
147595,0.7961,Deserta
147616,0.3699,No deserta
147662,0.5303,Deserta
147678,0.8714,Deserta
147681,0.9664,Deserta
147675,0.187,No deserta
147674,0.2354,No deserta
147676,0.9619,Deserta
147680,0.8823,Deserta
147677,0.2761,No deserta
147679,0.007,No deserta
147685,0.0591,No deserta
147689,0.2179,No deserta
147684,0.0087,No deserta
147690,0.7456,Deserta
147682,0.0321,No deserta
147688,0.0173,No deserta
147691,0.0955,No deserta
147683,0.9702,Deserta
147692,0.0165,No deserta
147697,0.1094,No deserta
147700,0.2048,No deserta
147694,0.1908,No deserta
147696,0.6721,Deserta
147698,0.0501,No deserta
147693,0.0107,No deserta
147709,0.0178,No deserta
147703,0.0252,No deserta
147704,0.9717,Deserta
147710,0.8942,Deserta
147707,0.0451,No deserta
147712,0.0764,No deserta
147719,0.9071,Deserta
147716,0.0414,No deserta
147717,0.7433,Deserta
147718,0.6824,Deserta
147720,0.1884,No deserta
147714,0.5911,Deserta
147721,0.0249,No deserta
147727,0.1851,No deserta
147726,0.8838,Deserta
147722,0.9732,Deserta
147730,0.6664,Deserta
147724,0.619,Deserta
147729,0.7449,Deserta
147728,0.0408,No deserta
147723,0.9307,Deserta
147735,0.8472,Deserta
147732,0.6046,Deserta
147736,0.0325,No deserta
147737,0.2114,No deserta
147738,0.2917,No deserta
147739,0.0065,No deserta
147743,0.0736,No deserta
147746,0.3756,No deserta
147749,0.0299,No deserta
147745,0.9573,Deserta
147741,0.0516,No deserta
147747,0.0196,No deserta
147744,0.0454,No deserta
147748,0.0203,No deserta
147742,0.0936,No deserta
147759,0.1756,No deserta
147750,0.5899,Deserta
147757,0.0729,No deserta
147754,0.9508,Deserta
147756,0.0215,No deserta
147769,0.0746,No deserta
147768,0.5579,Deserta
147762,0.0394,No deserta
147760,0.7614,Deserta
147774,0.318,No deserta
147773,0.0346,No deserta
147771,0.0625,No deserta
147770,0.6038,Deserta
147775,0.7731,Deserta
147776,0.1876,No deserta
147772,0.0333,No deserta
147784,0.0206,No deserta
147788,0.9602,Deserta
147787,0.8887,Deserta
147785,0.8704,Deserta
147781,0.8201,Deserta
147790,0.8509,Deserta
147780,0.0133,No deserta
147797,0.8785,Deserta
147800,0.8405,Deserta
147799,0.8941,Deserta
147793,0.0341,No deserta
147794,0.7912,Deserta
147791,0.1468,No deserta
147796,0.0182,No deserta
147792,0.0359,No deserta
147805,0.0121,No deserta
147807,0.0169,No deserta
147802,0.8899,Deserta
147806,0.9356,Deserta
147804,0.118,No deserta
147808,0.4039,No deserta
147809,0.7736,Deserta
147818,0.6473,Deserta
147817,0.672,Deserta
147820,0.9496,Deserta
147810,0.0248,No deserta
147813,0.8613,Deserta
147816,0.8343,Deserta
147812,0.133,No deserta
147811,0.3255,No deserta
147830,0.0427,No deserta
147821,0.7927,Deserta
147826,0.7832,Deserta
147825,0.129,No deserta
147823,0.0486,No deserta
147828,0.0495,No deserta
147822,0.8311,Deserta
147832,0.0075,No deserta
147835,0.4654,No deserta
147839,0.9309,Deserta
147837,0.2649,No deserta
147836,0.3549,No deserta
147843,0.556,Deserta
147834,0.8342,Deserta
147842,0.7953,Deserta
147840,0.849,Deserta
147849,0.0816,No deserta
147848,0.6076,Deserta
147851,0.0431,No deserta
147847,0.0377,No deserta
147852,0.8709,Deserta
147846,0.7107,Deserta
147855,0.1048,No deserta
147858,0.0221,No deserta
147856,0.0258,No deserta
147866,0.9618,Deserta
147936,0.9115,Deserta
147995,0.964,Deserta
147997,0.881,Deserta
148000,0.8608,Deserta
147996,0.9528,Deserta
148051,0.0331,No deserta
148053,0.9661,Deserta
148054,0.0912,No deserta
148111,0.9638,Deserta
148120,0.8431,Deserta
148195,0.8184,Deserta
148237,0.9534,Deserta
148315,0.2682,No deserta
148388,0.704,Deserta
148543,0.8236,Deserta
148645,0.8688,Deserta
148756,0.9739,Deserta
148965,0.0743,No deserta
149034,0.0164,No deserta
149035,0.8822,Deserta
149049,0.973,Deserta
149118,0.0729,No deserta
149168,0.7045,Deserta
149170,0.6563,Deserta
149169,0.8426,Deserta
149275,0.011,No deserta
149277,0.6372,Deserta
149276,0.8797,Deserta
149280,0.0523,No deserta
149279,0.899,Deserta
149278,0.8697,Deserta
149282,0.81,Deserta
149284,0.9569,Deserta
149283,0.2884,No deserta
149390,0.0707,No deserta
149402,0.8877,Deserta
149406,0.9735,Deserta
149404,0.9352,Deserta
149403,0.8496,Deserta
149657,0.7451,Deserta
149655,0.8561,Deserta
149654,0.9612,Deserta
149659,0.8514,Deserta
149660,0.886,Deserta
149661,0.7712,Deserta
149662,0.8058,Deserta
149658,0.1003,No deserta
149665,0.9633,Deserta
149667,0.9605,Deserta
149668,0.9582,Deserta
149666,0.6316,Deserta
149673,0.9762,Deserta
149674,0.164,No deserta
149671,0.9763,Deserta
149669,0.9564,Deserta
149672,0.061,No deserta
149797,0.9531,Deserta
149796,0.3953,No deserta
149795,0.8465,Deserta
149798,0.0541,No deserta
149800,0.8379,Deserta
149802,0.1552,No deserta
149845,0.3045,No deserta
149846,0.0489,No deserta
149847,0.0968,No deserta
149849,0.0394,No deserta
150074,0.6638,Deserta
150073,0.2782,No deserta
150078,0.8555,Deserta
150083,0.3598,No deserta
150076,0.6401,Deserta
150081,0.9101,Deserta
150086,0.9653,Deserta
150084,0.0411,No deserta
150085,0.9324,Deserta
150087,0.9212,Deserta
150465,0.822,Deserta
150467,0.9097,Deserta
150488,0.6522,Deserta
150489,0.0331,No deserta
150491,0.7532,Deserta
150503,0.8563,Deserta
150717,0.8163,Deserta
150745,0.1017,No deserta
150757,0.648,Deserta
150765,0.0199,No deserta
150804,0.7475,Deserta
150897,0.6712,Deserta
150921,0.0793,No deserta
150951,0.6581,Deserta
151021,0.5252,Deserta
151226,0.7746,Deserta
151248,0.9226,Deserta
151403,0.1132,No deserta
151409,0.0491,No deserta
151411,0.3003,No deserta
151481,0.0259,No deserta
151510,0.8434,Deserta
151627,0.3362,No deserta
151629,0.1194,No deserta
151630,0.8197,Deserta
151652,0.8582,Deserta
151656,0.0264,No deserta
151657,0.757,Deserta
151660,0.0301,No deserta
151663,0.0223,No deserta
151659,0.0337,No deserta
151662,0.0449,No deserta
151654,0.3469,No deserta
151661,0.0738,No deserta
151653,0.7625,Deserta
151655,0.0161,No deserta
151668,0.9483,Deserta
151667,0.1037,No deserta
151666,0.9603,Deserta
151664,0.9112,Deserta
151749,0.0792,No deserta
151753,0.1742,No deserta
151754,0.4141,No deserta
151884,0.0758,No deserta
151886,0.5696,Deserta
151887,0.8525,Deserta
151911,0.0332,No deserta
151914,0.0872,No deserta
151915,0.9334,Deserta
151916,0.1634,No deserta
152007,0.9257,Deserta
152068,0.1439,No deserta
152070,0.4743,No deserta
152130,0.9384,Deserta
152131,0.905,Deserta
152128,0.6908,Deserta
152132,0.8395,Deserta
152246,0.7024,Deserta
152267,0.0632,No deserta
152268,0.0922,No deserta
152289,0.1284,No deserta
152291,0.8066,Deserta
152290,0.0716,No deserta
152307,0.1812,No deserta
152345,0.5289,Deserta
152385,0.5742,Deserta
152387,0.6827,Deserta
152386,0.0514,No deserta
152388,0.9742,Deserta
152422,0.8261,Deserta
152421,0.9584,Deserta
152425,0.9494,Deserta
152423,0.7538,Deserta
152424,0.1257,No deserta
152498,0.8093,Deserta
152497,0.3991,No deserta
152502,0.8555,Deserta
152500,0.8817,Deserta
152503,0.0582,No deserta
152501,0.1028,No deserta
152534,0.2395,No deserta
152536,0.1089,No deserta
152565,0.7712,Deserta
152569,0.5399,Deserta
152566,0.1252,No deserta
152568,0.0924,No deserta
152632,0.0732,No deserta
152634,0.9629,Deserta
152633,0.1723,No deserta
152637,0.0394,No deserta
152639,0.1079,No deserta
152676,0.8927,Deserta
152677,0.8611,Deserta
152678,0.186,No deserta
152715,0.9204,Deserta
152716,0.1111,No deserta
152718,0.86,Deserta
152755,0.551,Deserta
152758,0.9231,Deserta
152756,0.6375,Deserta
152754,0.9113,Deserta
152759,0.2366,No deserta
152762,0.9569,Deserta
152761,0.7003,Deserta
152813,0.292,No deserta
152810,0.94,Deserta
152812,0.8739,Deserta
152838,0.8839,Deserta
152839,0.8636,Deserta
152841,0.8987,Deserta
152843,0.0611,No deserta
152847,0.5406,Deserta
152854,0.0752,No deserta
152856,0.8818,Deserta
152870,0.8789,Deserta
152871,0.072,No deserta
152889,0.0202,No deserta
152888,0.0723,No deserta
152906,0.0933,No deserta
152904,0.9174,Deserta
152905,0.939,Deserta
152950,0.6741,Deserta
152949,0.5914,Deserta
152993,0.7424,Deserta
152999,0.8485,Deserta
153036,0.7205,Deserta
153038,0.8199,Deserta
153039,0.7888,Deserta
153076,0.6973,Deserta
153077,0.0326,No deserta
153103,0.9496,Deserta
153114,0.6901,Deserta
153153,0.379,No deserta
153149,0.9173,Deserta
153152,0.8646,Deserta
153151,0.5826,Deserta
153147,0.7539,Deserta
153150,0.1191,No deserta
153146,0.3199,No deserta
153154,0.0403,No deserta
153217,0.8933,Deserta
153218,0.9575,Deserta
153221,0.9596,Deserta
153210,0.0931,No deserta
153214,0.9578,Deserta
153213,0.0173,No deserta
153220,0.1112,No deserta
153215,0.9636,Deserta
153345,0.7006,Deserta
153343,0.8137,Deserta
153342,0.0281,No deserta
153347,0.7264,Deserta
153344,0.1149,No deserta
153351,0.7292,Deserta
153348,0.8897,Deserta
153363,0.0116,No deserta
153358,0.0209,No deserta
153357,0.0106,No deserta
153354,0.0344,No deserta
153356,0.7359,Deserta
153360,0.1228,No deserta
153361,0.0232,No deserta
153355,0.8411,Deserta
153374,0.1986,No deserta
153409,0.4244,No deserta
153410,0.2461,No deserta
153403,0.8701,Deserta
153407,0.8452,Deserta
153402,0.5773,Deserta
153412,0.9399,Deserta
153413,0.0383,No deserta
153414,0.846,Deserta
153435,0.5935,Deserta
153478,0.6863,Deserta
153476,0.1731,No deserta
153473,0.9418,Deserta
153489,0.0759,No deserta
153488,0.9429,Deserta
153483,0.4018,No deserta
153479,0.0502,No deserta
153482,0.417,No deserta
153491,0.9107,Deserta
153487,0.0243,No deserta
153486,0.8601,Deserta
153485,0.0527,No deserta
153484,0.2782,No deserta
153539,0.8419,Deserta
153543,0.8903,Deserta
153538,0.0793,No deserta
153540,0.279,No deserta
153541,0.255,No deserta
153565,0.0434,No deserta
153635,0.13,No deserta
153634,0.944,Deserta
153633,0.9453,Deserta
153632,0.3264,No deserta
153636,0.0294,No deserta
153751,0.0194,No deserta
153747,0.2549,No deserta
153750,0.0494,No deserta
153748,0.8664,Deserta
153746,0.856,Deserta
153752,0.0938,No deserta
153826,0.8805,Deserta
153921,0.1082,No deserta
153922,0.1153,No deserta
153923,0.1063,No deserta
153925,0.9654,Deserta
154034,0.5801,Deserta
154061,0.4896,No deserta
154065,0.4314,No deserta
154066,0.9335,Deserta
154301,0.0146,No deserta
154302,0.6975,Deserta
154308,0.9266,Deserta
154305,0.1349,No deserta
154306,0.146,No deserta
154304,0.7089,Deserta
154526,0.0457,No deserta
154543,0.2503,No deserta
154591,0.8995,Deserta
154626,0.8829,Deserta
154994,0.3556,No deserta
154993,0.761,Deserta
154996,0.7292,Deserta
155078,0.3802,No deserta
155077,0.021,No deserta
155079,0.008,No deserta
155081,0.0114,No deserta
155084,0.1244,No deserta
155085,0.8328,Deserta
155088,0.5205,Deserta
155087,0.9338,Deserta
155086,0.072,No deserta
155198,0.5375,Deserta
155194,0.7048,Deserta
155190,0.7126,Deserta
155195,0.0564,No deserta
155191,0.0432,No deserta
155197,0.2778,No deserta
155200,0.6862,Deserta
155201,0.0437,No deserta
155295,0.5177,Deserta
155302,0.2043,No deserta
155299,0.0091,No deserta
155297,0.2343,No deserta
155296,0.7526,Deserta
155305,0.9396,Deserta
155301,0.0366,No deserta
155298,0.0299,No deserta
155304,0.017,No deserta
155292,0.6735,Deserta
155312,0.0687,No deserta
155310,0.9548,Deserta
155311,0.8477,Deserta
155308,0.7892,Deserta
155313,0.4863,No deserta
155315,0.4659,No deserta
155320,0.8359,Deserta
155318,0.7814,Deserta
155323,0.3591,No deserta
155321,0.9607,Deserta
155319,0.0357,No deserta
155322,0.515,Deserta
155614,0.2973,No deserta
155613,0.6612,Deserta
155655,0.6049,Deserta
155753,0.7632,Deserta
155751,0.0749,No deserta
155757,0.8919,Deserta
155754,0.8358,Deserta
155758,0.91,Deserta
155764,0.9523,Deserta
155875,0.1408,No deserta
155867,0.0577,No deserta
155876,0.0327,No deserta
155877,0.1772,No deserta
155866,0.7584,Deserta
155871,0.1093,No deserta
155873,0.661,Deserta
155872,0.6825,Deserta
155884,0.033,No deserta
155880,0.7529,Deserta
155879,0.913,Deserta
155881,0.7299,Deserta
155878,0.9693,Deserta
155882,0.9117,Deserta
156266,0.7942,Deserta
156268,0.7956,Deserta
156267,0.0188,No deserta
156265,0.0656,No deserta
156263,0.1292,No deserta
156318,0.8661,Deserta
156379,0.9429,Deserta
156382,0.7578,Deserta
156383,0.6309,Deserta
156392,0.3504,No deserta
156403,0.087,No deserta
156504,0.6092,Deserta
156501,0.9089,Deserta
156502,0.0125,No deserta
156511,0.155,No deserta
156503,0.2341,No deserta
156505,0.5821,Deserta
156509,0.401,No deserta
156507,0.4852,No deserta
156508,0.9594,Deserta
156580,0.531,Deserta
156669,0.0462,No deserta
156696,0.9718,Deserta
156717,0.4564,No deserta
156784,0.1388,No deserta
156785,0.9006,Deserta
156787,0.6235,Deserta
156788,0.8339,Deserta
156792,0.7261,Deserta
156789,0.3858,No deserta
156979,0.2808,No deserta
156983,0.1005,No deserta
157036,0.4036,No deserta
157035,0.9519,Deserta
157034,0.3023,No deserta
157096,0.0622,No deserta
157095,0.8188,Deserta
157334,0.9205,Deserta
157363,0.9625,Deserta
157364,0.9011,Deserta
157397,0.8994,Deserta
157528,0.54,Deserta
157529,0.8864,Deserta
157530,0.7194,Deserta
157533,0.7896,Deserta
157534,0.7886,Deserta
157598,0.9511,Deserta
157665,0.0152,No deserta
157668,0.2866,No deserta
157671,0.8561,Deserta
157672,0.0521,No deserta
157675,0.3091,No deserta
157686,0.692,Deserta
157687,0.0481,No deserta
157689,0.8051,Deserta
157758,0.2028,No deserta
157993,0.8863,Deserta
158134,0.6279,Deserta
158135,0.183,No deserta
158130,0.9156,Deserta
158131,0.0197,No deserta
158136,0.786,Deserta
158133,0.0332,No deserta
158145,0.0553,No deserta
158144,0.0186,No deserta
158142,0.8646,Deserta
158138,0.0184,No deserta
158137,0.0721,No deserta
158139,0.9318,Deserta
158143,0.0386,No deserta
158160,0.9567,Deserta
158157,0.6788,Deserta
158161,0.9576,Deserta
158163,0.9364,Deserta
158158,0.1284,No deserta
158156,0.0814,No deserta
158159,0.2622,No deserta
158175,0.7146,Deserta
158173,0.8999,Deserta
158165,0.9403,Deserta
158166,0.7646,Deserta
158167,0.1375,No deserta
158170,0.4299,No deserta
158172,0.3025,No deserta
158168,0.1142,No deserta
158169,0.108,No deserta
158171,0.0845,No deserta
158176,0.9676,Deserta
158259,0.0381,No deserta
158261,0.4527,No deserta
158260,0.7317,Deserta
158263,0.2028,No deserta
158266,0.0432,No deserta
158264,0.6483,Deserta
158262,0.1587,No deserta
158268,0.3418,No deserta
158267,0.9551,Deserta
158265,0.5556,Deserta
158270,0.0404,No deserta
158283,0.226,No deserta
158284,0.3097,No deserta
158281,0.1167,No deserta
158285,0.723,Deserta
158287,0.8817,Deserta
158288,0.2834,No deserta
158339,0.9408,Deserta
158338,0.6973,Deserta
158336,0.1096,No deserta
158409,0.0243,No deserta
158410,0.1328,No deserta
158407,0.1722,No deserta
158411,0.1727,No deserta
158408,0.0536,No deserta
158421,0.4338,No deserta
158426,0.4985,No deserta
158502,0.0281,No deserta
158501,0.6671,Deserta
158503,0.9434,Deserta
158504,0.6038,Deserta
158505,0.2046,No deserta
158509,0.5452,Deserta
158507,0.9337,Deserta
158511,0.5993,Deserta
158512,0.9592,Deserta
158510,0.8761,Deserta
158547,0.9277,Deserta
158545,0.9217,Deserta
158541,0.8025,Deserta
158546,0.9592,Deserta
158544,0.085,No deserta
158550,0.5621,Deserta
158596,0.685,Deserta
158598,0.0445,No deserta
158603,0.7989,Deserta
158611,0.9497,Deserta
158614,0.2229,No deserta
158613,0.7241,Deserta
158719,0.7905,Deserta
158717,0.1307,No deserta
158716,0.7917,Deserta
158721,0.7941,Deserta
158720,0.4856,No deserta
158718,0.3012,No deserta
158715,0.0481,No deserta
158724,0.2437,No deserta
158725,0.0388,No deserta
158723,0.0322,No deserta
158726,0.3033,No deserta
158740,0.6234,Deserta
158733,0.6017,Deserta
158737,0.8276,Deserta
158735,0.7883,Deserta
158744,0.0378,No deserta
158795,0.181,No deserta
158796,0.2616,No deserta
158808,0.9199,Deserta
158807,0.5813,Deserta
158804,0.0818,No deserta
158805,0.8862,Deserta
158887,0.0667,No deserta
158888,0.7896,Deserta
158896,0.7349,Deserta
158895,0.9165,Deserta
158898,0.3143,No deserta
158972,0.0358,No deserta
158973,0.8266,Deserta
158970,0.8655,Deserta
158971,0.7709,Deserta
158968,0.7077,Deserta
158967,0.3509,No deserta
158969,0.717,Deserta
158995,0.1682,No deserta
158999,0.9335,Deserta
158996,0.3007,No deserta
158997,0.0864,No deserta
158998,0.7866,Deserta
159074,0.1302,No deserta
159073,0.1962,No deserta
159072,0.0443,No deserta
159090,0.7812,Deserta
159094,0.2024,No deserta
159093,0.1322,No deserta
159092,0.8228,Deserta
159091,0.6884,Deserta
159156,0.8169,Deserta
159168,0.0627,No deserta
159170,0.2649,No deserta
159167,0.2988,No deserta
159172,0.5619,Deserta
159169,0.7591,Deserta
159171,0.1107,No deserta
159218,0.653,Deserta
159220,0.4257,No deserta
159234,0.9143,Deserta
159231,0.0431,No deserta
159235,0.942,Deserta
159286,0.1083,No deserta
159294,0.7083,Deserta
159301,0.9013,Deserta
159300,0.8042,Deserta
159321,0.9517,Deserta
159324,0.7439,Deserta
159325,0.9274,Deserta
159326,0.0946,No deserta
159337,0.7919,Deserta
159338,0.9171,Deserta
159334,0.2591,No deserta
159339,0.5819,Deserta
159425,0.5495,Deserta
159424,0.6198,Deserta
159428,0.6486,Deserta
159427,0.9222,Deserta
159434,0.9657,Deserta
159433,0.9662,Deserta
159474,0.9378,Deserta
159487,0.9252,Deserta
159485,0.7845,Deserta
159519,0.2863,No deserta
159523,0.7914,Deserta
159573,0.0289,No deserta
159574,0.8052,Deserta
159579,0.5237,Deserta
159581,0.9512,Deserta
159723,0.813,Deserta
159722,0.3294,No deserta
159738,0.303,No deserta
159742,0.8883,Deserta
159737,0.9549,Deserta
159741,0.8497,Deserta
159739,0.942,Deserta
159740,0.2497,No deserta
159818,0.065,No deserta
159819,0.0403,No deserta
159815,0.0551,No deserta
159817,0.0973,No deserta
159824,0.2118,No deserta
159825,0.3102,No deserta
159832,0.2815,No deserta
159839,0.9292,Deserta
159840,0.804,Deserta
159842,0.9415,Deserta
159843,0.8732,Deserta
159841,0.4454,No deserta
160033,0.1106,No deserta
160035,0.0315,No deserta
160036,0.9457,Deserta
160034,0.8904,Deserta
160044,0.8887,Deserta
160042,0.9405,Deserta
160046,0.956,Deserta
160109,0.0262,No deserta
160106,0.8992,Deserta
160108,0.5787,Deserta
160119,0.2123,No deserta
160118,0.5136,Deserta
160117,0.1956,No deserta
160180,0.7447,Deserta
160181,0.6689,Deserta
160183,0.8933,Deserta
160185,0.7745,Deserta
160184,0.8957,Deserta
160345,0.0925,No deserta
160346,0.1043,No deserta
160344,0.0318,No deserta
160356,0.8573,Deserta
160355,0.9147,Deserta
160357,0.92,Deserta
160374,0.8115,Deserta
160375,0.2131,No deserta
160377,0.7645,Deserta
160378,0.3501,No deserta
160461,0.1605,No deserta
160533,0.6707,Deserta
160534,0.4116,No deserta
160550,0.1351,No deserta
160569,0.0181,No deserta
160568,0.2131,No deserta
160570,0.5577,Deserta
160567,0.0254,No deserta
160571,0.0494,No deserta
160578,0.7685,Deserta
160579,0.7238,Deserta
160575,0.9706,Deserta
160576,0.1397,No deserta
160580,0.2052,No deserta
160577,0.8594,Deserta
160592,0.0225,No deserta
160583,0.0788,No deserta
160584,0.1698,No deserta
160585,0.6317,Deserta
160586,0.6315,Deserta
160595,0.7902,Deserta
160596,0.3743,No deserta
160588,0.019,No deserta
160606,0.7887,Deserta
160615,0.787,Deserta
160605,0.7855,Deserta
160597,0.8174,Deserta
160608,0.0216,No deserta
160599,0.2288,No deserta
160598,0.0273,No deserta
160600,0.0263,No deserta
160602,0.0438,No deserta
160609,0.9461,Deserta
160613,0.1422,No deserta
160626,0.0711,No deserta
160619,0.9285,Deserta
160622,0.13,No deserta
160632,0.8014,Deserta
160623,0.0125,No deserta
160631,0.9628,Deserta
160625,0.6736,Deserta
160624,0.4256,No deserta
160630,0.9255,Deserta
160620,0.174,No deserta
160638,0.7955,Deserta
160647,0.5625,Deserta
160651,0.7986,Deserta
160641,0.3774,No deserta
160645,0.2318,No deserta
160637,0.7795,Deserta
160635,0.7092,Deserta
160642,0.9023,Deserta
160634,0.8001,Deserta
160649,0.5843,Deserta
160646,0.1691,No deserta
160644,0.2787,No deserta
160636,0.4477,No deserta
160639,0.0378,No deserta
160668,0.1069,No deserta
160654,0.8141,Deserta
160664,0.9072,Deserta
160666,0.7567,Deserta
160657,0.4712,No deserta
160663,0.9318,Deserta
160670,0.1694,No deserta
160655,0.0601,No deserta
160653,0.777,Deserta
160656,0.0895,No deserta
160659,0.2368,No deserta
160665,0.1761,No deserta
160672,0.7814,Deserta
160671,0.8766,Deserta
160679,0.9358,Deserta
160678,0.081,No deserta
160676,0.2245,No deserta
160673,0.8319,Deserta
160781,0.1,No deserta
160780,0.747,Deserta
160782,0.4091,No deserta
160785,0.1315,No deserta
160784,0.8832,Deserta
160809,0.7946,Deserta
160857,0.094,No deserta
160858,0.0604,No deserta
160855,0.0372,No deserta
160861,0.2682,No deserta
160859,0.6225,Deserta
160862,0.9168,Deserta
160966,0.59,Deserta
160967,0.6082,Deserta
160969,0.9531,Deserta
160970,0.7753,Deserta
160972,0.338,No deserta
161008,0.3725,No deserta
161007,0.7765,Deserta
161009,0.6686,Deserta
161012,0.8697,Deserta
161011,0.9501,Deserta
161094,0.5859,Deserta
161098,0.8089,Deserta
161097,0.0222,No deserta
161093,0.4558,No deserta
161096,0.6848,Deserta
161101,0.8188,Deserta
161107,0.1068,No deserta
161108,0.8349,Deserta
161109,0.9506,Deserta
161226,0.6288,Deserta
161227,0.0334,No deserta
161229,0.1471,No deserta
161230,0.9355,Deserta
161232,0.1144,No deserta
161233,0.4461,No deserta
161331,0.8695,Deserta
161329,0.6807,Deserta
161332,0.0688,No deserta
161335,0.1113,No deserta
161333,0.0933,No deserta
161336,0.4044,No deserta
161535,0.6767,Deserta
161536,0.9222,Deserta
161546,0.2006,No deserta
161548,0.0196,No deserta
161545,0.1273,No deserta
161549,0.0381,No deserta
161542,0.9419,Deserta
161550,0.8905,Deserta
161540,0.0117,No deserta
161552,0.9547,Deserta
161541,0.968,Deserta
161544,0.4485,No deserta
161553,0.9209,Deserta
161555,0.0101,No deserta
161571,0.0061,No deserta
161604,0.1695,No deserta
161611,0.2103,No deserta
161614,0.595,Deserta
161625,0.1612,No deserta
161638,0.9527,Deserta
161664,0.021,No deserta
161737,0.0927,No deserta
161784,0.8993,Deserta
161799,0.9351,Deserta
161966,0.3736,No deserta
161968,0.0926,No deserta
161967,0.4957,No deserta
161960,0.5106,Deserta
161958,0.0174,No deserta
161970,0.0795,No deserta
161965,0.7931,Deserta
161964,0.8327,Deserta
161969,0.0253,No deserta
162026,0.7659,Deserta
162027,0.6852,Deserta
162207,0.1201,No deserta
162212,0.119,No deserta
162233,0.014,No deserta
162515,0.5743,Deserta
162513,0.0991,No deserta
162540,0.717,Deserta
163002,0.744,Deserta
163076,0.0512,No deserta
163099,0.0766,No deserta
163119,0.1911,No deserta
163136,0.5948,Deserta
163138,0.0756,No deserta
163389,0.9495,Deserta
163388,0.623,Deserta
163409,0.094,No deserta
163453,0.0871,No deserta
163543,0.0652,No deserta
163544,0.9124,Deserta
163573,0.0112,No deserta
163581,0.277,No deserta
163685,0.9184,Deserta
164053,0.1199,No deserta
164160,0.1268,No deserta
164163,0.9188,Deserta
164162,0.4034,No deserta
164164,0.9013,Deserta
164194,0.0748,No deserta
164197,0.8553,Deserta
164199,0.8575,Deserta
164198,0.8211,Deserta
164215,0.0765,No deserta
164216,0.055,No deserta
164259,0.5982,Deserta
164304,0.1265,No deserta
164305,0.7575,Deserta
164314,0.0332,No deserta
164316,0.3712,No deserta
164342,0.5967,Deserta
164348,0.5255,Deserta
164346,0.798,Deserta
164345,0.8821,Deserta
164378,0.7773,Deserta
164402,0.9007,Deserta
164403,0.9395,Deserta
164435,0.0755,No deserta
164434,0.6862,Deserta
164436,0.3972,No deserta
164445,0.3575,No deserta
164446,0.3937,No deserta
164454,0.9618,Deserta
164456,0.9469,Deserta
164481,0.6458,Deserta
164482,0.2482,No deserta
164560,0.0677,No deserta
164585,0.0295,No deserta
164583,0.4265,No deserta
164586,0.7885,Deserta
164674,0.1246,No deserta
164673,0.7514,Deserta
164701,0.9052,Deserta
164716,0.1076,No deserta
164719,0.4585,No deserta
164778,0.383,No deserta
164804,0.0413,No deserta
164805,0.1328,No deserta
164827,0.1175,No deserta
164828,0.0483,No deserta
164829,0.0148,No deserta
164831,0.7795,Deserta
164830,0.8747,Deserta
164851,0.6511,Deserta
164890,0.8877,Deserta
164889,0.3312,No deserta
164937,0.7754,Deserta
164938,0.2008,No deserta
164952,0.1037,No deserta
164980,0.7329,Deserta
164998,0.018,No deserta
164999,0.7994,Deserta
165000,0.8821,Deserta
165058,0.6593,Deserta
165056,0.0428,No deserta
165060,0.8654,Deserta
165061,0.7258,Deserta
165063,0.4627,No deserta
165091,0.116,No deserta
165092,0.9234,Deserta
165125,0.7469,Deserta
165128,0.0451,No deserta
165126,0.3789,No deserta
165129,0.1581,No deserta
165130,0.3279,No deserta
165218,0.4424,No deserta
165217,0.0188,No deserta
165216,0.0205,No deserta
165221,0.0369,No deserta
165224,0.9062,Deserta
165223,0.5717,Deserta
165226,0.7142,Deserta
165222,0.8907,Deserta
165248,0.4358,No deserta
165278,0.0582,No deserta
165281,0.7579,Deserta
165285,0.2063,No deserta
165284,0.0099,No deserta
165292,0.9131,Deserta
165289,0.1153,No deserta
165294,0.591,Deserta
165287,0.013,No deserta
165293,0.0136,No deserta
165288,0.0503,No deserta
165298,0.8881,Deserta
165296,0.0205,No deserta
165295,0.0946,No deserta
165297,0.0434,No deserta
165304,0.9272,Deserta
165302,0.1093,No deserta
165299,0.3214,No deserta
165375,0.0186,No deserta
165377,0.037,No deserta
165384,0.0597,No deserta
165371,0.0454,No deserta
165378,0.0348,No deserta
165376,0.0349,No deserta
165373,0.0777,No deserta
165372,0.0131,No deserta
165379,0.084,No deserta
165388,0.5631,Deserta
165394,0.1124,No deserta
165385,0.1793,No deserta
165387,0.0355,No deserta
165386,0.0103,No deserta
165393,0.027,No deserta
165392,0.2353,No deserta
165398,0.9158,Deserta
165397,0.0694,No deserta
165399,0.9373,Deserta
165516,0.8622,Deserta
165514,0.0732,No deserta
165522,0.024,No deserta
165524,0.0376,No deserta
165523,0.3857,No deserta
165521,0.926,Deserta
165518,0.7031,Deserta
165527,0.1589,No deserta
165528,0.0267,No deserta
165529,0.0875,No deserta
165525,0.0129,No deserta
165526,0.7876,Deserta
165536,0.2071,No deserta
165540,0.6328,Deserta
165531,0.0761,No deserta
165537,0.1222,No deserta
165530,0.2172,No deserta
165539,0.555,Deserta
165535,0.0437,No deserta
165532,0.9077,Deserta
165538,0.1666,No deserta
165541,0.948,Deserta
156409,0.24,No deserta
123572,0.0069,No deserta
151912,0.6774,Deserta
165748,0.6504,Deserta
165749,0.8441,Deserta
165753,0.1158,No deserta
165750,0.7489,Deserta
165747,0.2242,No deserta
165776,0.0418,No deserta
165772,0.0291,No deserta
165774,0.2188,No deserta
165773,0.4166,No deserta
165775,0.0631,No deserta
165780,0.0251,No deserta
165784,0.7762,Deserta
165779,0.5582,Deserta
165781,0.029,No deserta
165782,0.0782,No deserta
165785,0.0639,No deserta
165783,0.0525,No deserta
165787,0.0229,No deserta
165799,0.4558,No deserta
165797,0.5764,Deserta
165800,0.6746,Deserta
165798,0.566,Deserta
165796,0.0491,No deserta
165801,0.0588,No deserta
165811,0.0847,No deserta
165810,0.0519,No deserta
165812,0.1489,No deserta
165806,0.0625,No deserta
165807,0.7146,Deserta
165805,0.6542,Deserta
165802,0.0879,No deserta
165804,0.9441,Deserta
165808,0.8315,Deserta
165819,0.7674,Deserta
165821,0.345,No deserta
165817,0.0228,No deserta
165822,0.1096,No deserta
165814,0.025,No deserta
165815,0.814,Deserta
165823,0.118,No deserta
165816,0.0342,No deserta
165818,0.1417,No deserta
165825,0.8648,Deserta
165828,0.0298,No deserta
165826,0.0945,No deserta
165830,0.0238,No deserta
165935,0.0109,No deserta
165941,0.0947,No deserta
165940,0.9181,Deserta
165943,0.0473,No deserta
165945,0.08,No deserta
165948,0.0782,No deserta
165949,0.1043,No deserta
165936,0.0243,No deserta
165944,0.6788,Deserta
165942,0.0295,No deserta
165937,0.5011,Deserta
165947,0.6385,Deserta
165939,0.0737,No deserta
165946,0.2577,No deserta
165938,0.0527,No deserta
165953,0.0311,No deserta
165951,0.0152,No deserta
165956,0.0448,No deserta
165957,0.0205,No deserta
165954,0.8194,Deserta
165961,0.1198,No deserta
165959,0.0296,No deserta
165952,0.0237,No deserta
165962,0.8506,Deserta
165958,0.0304,No deserta
165960,0.0411,No deserta
166138,0.6614,Deserta
166139,0.7904,Deserta
166140,0.9617,Deserta
166141,0.4572,No deserta
166162,0.6387,Deserta
166161,0.1756,No deserta
166160,0.1028,No deserta
166227,0.0394,No deserta
166226,0.884,Deserta
166229,0.1037,No deserta
166228,0.0421,No deserta
166231,0.0346,No deserta
166230,0.0136,No deserta
166243,0.0353,No deserta
166245,0.0181,No deserta
166244,0.025,No deserta
166246,0.8456,Deserta
166240,0.027,No deserta
166239,0.1011,No deserta
166235,0.0427,No deserta
166242,0.1271,No deserta
166249,0.0579,No deserta
166247,0.0728,No deserta
166236,0.0218,No deserta
166251,0.0366,No deserta
166253,0.8885,Deserta
166254,0.0357,No deserta
166255,0.0633,No deserta
166252,0.0805,No deserta
166387,0.086,No deserta
166395,0.0973,No deserta
166394,0.7499,Deserta
166391,0.019,No deserta
166398,0.1346,No deserta
166397,0.072,No deserta
166390,0.042,No deserta
166399,0.0817,No deserta
166401,0.9271,Deserta
166402,0.7733,Deserta
166403,0.7125,Deserta
166494,0.0318,No deserta
166491,0.813,Deserta
166496,0.191,No deserta
166498,0.0474,No deserta
166495,0.1879,No deserta
166493,0.9288,Deserta
166497,0.754,Deserta
166492,0.0844,No deserta
166504,0.7748,Deserta
166499,0.3238,No deserta
166502,0.0087,No deserta
166505,0.5431,Deserta
166503,0.0331,No deserta
166500,0.0194,No deserta
166577,0.3701,No deserta
166580,0.3341,No deserta
166582,0.9526,Deserta
166581,0.926,Deserta
166583,0.0726,No deserta
166590,0.0615,No deserta
166588,0.0182,No deserta
166585,0.2202,No deserta
166584,0.1709,No deserta
166592,0.0304,No deserta
166587,0.016,No deserta
166586,0.9169,Deserta
166597,0.3592,No deserta
166598,0.1789,No deserta
166593,0.8719,Deserta
166594,0.2211,No deserta
166601,0.0952,No deserta
166653,0.1314,No deserta
166658,0.076,No deserta
166664,0.8875,Deserta
166666,0.8268,Deserta
166667,0.2372,No deserta
166661,0.0377,No deserta
166660,0.4095,No deserta
166662,0.1997,No deserta
166659,0.7767,Deserta
166663,0.2682,No deserta
166668,0.1345,No deserta
166744,0.6703,Deserta
166743,0.8835,Deserta
166745,0.8069,Deserta
166746,0.5353,Deserta
166763,0.1531,No deserta
166765,0.0404,No deserta
166766,0.0516,No deserta
166762,0.7534,Deserta
166784,0.0087,No deserta
166787,0.0367,No deserta
166796,0.1151,No deserta
166793,0.0732,No deserta
166792,0.2262,No deserta
166797,0.9265,Deserta
166789,0.0559,No deserta
166790,0.7795,Deserta
166791,0.0179,No deserta
166907,0.0105,No deserta
166906,0.842,Deserta
166905,0.8094,Deserta
166911,0.73,Deserta
166910,0.0195,No deserta
166908,0.1159,No deserta
166909,0.042,No deserta
166979,0.3753,No deserta
166980,0.2674,No deserta
167043,0.8004,Deserta
167044,0.1417,No deserta
167042,0.0889,No deserta
167055,0.0356,No deserta
167057,0.471,No deserta
167060,0.4128,No deserta
167053,0.226,No deserta
167054,0.1178,No deserta
167052,0.0351,No deserta
167058,0.6285,Deserta
167110,0.9008,Deserta
167100,0.6045,Deserta
167102,0.181,No deserta
167108,0.0775,No deserta
167101,0.0198,No deserta
167107,0.059,No deserta
167104,0.3339,No deserta
167105,0.0473,No deserta
167112,0.0563,No deserta
167111,0.2266,No deserta
167115,0.0504,No deserta
167114,0.8584,Deserta
167234,0.5441,Deserta
167236,0.9529,Deserta
167235,0.1777,No deserta
167271,0.0849,No deserta
167268,0.0835,No deserta
167270,0.1343,No deserta
167272,0.3631,No deserta
167274,0.1414,No deserta
167278,0.0655,No deserta
167273,0.0907,No deserta
167275,0.0221,No deserta
167277,0.9017,Deserta
167276,0.0138,No deserta
167298,0.1281,No deserta
167297,0.1028,No deserta
167296,0.1428,No deserta
167304,0.722,Deserta
167305,0.1516,No deserta
167306,0.0608,No deserta
167309,0.2173,No deserta
167303,0.026,No deserta
167310,0.0508,No deserta
167307,0.0258,No deserta
167313,0.2248,No deserta
167312,0.5768,Deserta
167392,0.1441,No deserta
167393,0.6177,Deserta
167396,0.0884,No deserta
167395,0.0179,No deserta
167397,0.4462,No deserta
167398,0.9114,Deserta
167402,0.7115,Deserta
167400,0.0794,No deserta
167401,0.03,No deserta
167406,0.6488,Deserta
167404,0.204,No deserta
167408,0.1938,No deserta
167516,0.1616,No deserta
167514,0.9252,Deserta
167515,0.5059,Deserta
167519,0.1271,No deserta
167518,0.8753,Deserta
167522,0.0172,No deserta
167523,0.0517,No deserta
167524,0.8934,Deserta
167525,0.0655,No deserta
167650,0.7436,Deserta
167651,0.4119,No deserta
167649,0.0152,No deserta
167652,0.2521,No deserta
167799,0.2569,No deserta
167802,0.7599,Deserta
167803,0.8572,Deserta
167801,0.0301,No deserta
167994,0.882,Deserta
167984,0.4919,No deserta
167999,0.0197,No deserta
167993,0.0416,No deserta
167997,0.2017,No deserta
167990,0.485,No deserta
167989,0.7478,Deserta
167995,0.4961,No deserta
167991,0.2816,No deserta
167985,0.0071,No deserta
168013,0.0379,No deserta
168008,0.6709,Deserta
168004,0.597,Deserta
168001,0.6938,Deserta
168012,0.0253,No deserta
168019,0.0819,No deserta
168014,0.4986,No deserta
168018,0.0454,No deserta
168017,0.0809,No deserta
168005,0.0369,No deserta
168015,0.4073,No deserta
168009,0.4862,No deserta
168010,0.9234,Deserta
168077,0.7902,Deserta
168074,0.8291,Deserta
168076,0.3108,No deserta
168109,0.8277,Deserta
168344,0.8797,Deserta
168345,0.0999,No deserta
168347,0.4063,No deserta
168348,0.7675,Deserta
168415,0.8834,Deserta
168515,0.7138,Deserta
168581,0.7737,Deserta
168591,0.0563,No deserta
168589,0.3211,No deserta
168588,0.2851,No deserta
168590,0.0309,No deserta
168592,0.2502,No deserta
168593,0.0917,No deserta
168598,0.021,No deserta
168601,0.196,No deserta
168600,0.812,Deserta
168599,0.0332,No deserta
168675,0.3611,No deserta
168740,0.616,Deserta
168741,0.069,No deserta
168737,0.0653,No deserta
168743,0.3923,No deserta
168742,0.8999,Deserta
168744,0.0181,No deserta
168773,0.0113,No deserta
168771,0.0233,No deserta
168775,0.4913,No deserta
168770,0.1709,No deserta
168772,0.8501,Deserta
168779,0.7377,Deserta
168780,0.5588,Deserta
168829,0.862,Deserta
168828,0.7223,Deserta
168824,0.7887,Deserta
168825,0.0375,No deserta
168830,0.1311,No deserta
168826,0.1357,No deserta
168868,0.0529,No deserta
168867,0.932,Deserta
168866,0.027,No deserta
168865,0.7325,Deserta
168869,0.0941,No deserta
168885,0.3823,No deserta
168886,0.5681,Deserta
168884,0.3225,No deserta
168887,0.0622,No deserta
168901,0.1136,No deserta
169059,0.7641,Deserta
169057,0.6958,Deserta
169058,0.1824,No deserta
169065,0.034,No deserta
169061,0.4548,No deserta
169062,0.7862,Deserta
169064,0.0475,No deserta
169077,0.3837,No deserta
169096,0.0045,No deserta
169100,0.6521,Deserta
169105,0.698,Deserta
169104,0.0658,No deserta
169106,0.2543,No deserta
169101,0.0516,No deserta
169102,0.9026,Deserta
169107,0.1909,No deserta
169099,0.1306,No deserta
169108,0.0769,No deserta
169109,0.0131,No deserta
169273,0.6874,Deserta
169272,0.6829,Deserta
169271,0.6659,Deserta
169306,0.3337,No deserta
169303,0.4028,No deserta
169323,0.0116,No deserta
169448,0.2683,No deserta
169472,0.4952,No deserta
169482,0.8502,Deserta
169486,0.8868,Deserta
169514,0.7165,Deserta
169644,0.9385,Deserta
169820,0.0221,No deserta
169867,0.2776,No deserta
169894,0.4769,No deserta
169972,0.76,Deserta
169973,0.2023,No deserta
169974,0.0643,No deserta
170135,0.352,No deserta
170136,0.0155,No deserta
170137,0.378,No deserta
170140,0.7806,Deserta
170141,0.2152,No deserta
170146,0.0219,No deserta
170147,0.6257,Deserta
170148,0.0372,No deserta
170150,0.5556,Deserta
170218,0.0439,No deserta
170228,0.3088,No deserta
170242,0.2067,No deserta
170241,0.4802,No deserta
170243,0.0389,No deserta
170262,0.7163,Deserta
170264,0.0079,No deserta
170318,0.062,No deserta
170329,0.0836,No deserta
170553,0.0844,No deserta
170596,0.0773,No deserta
170608,0.0293,No deserta
170606,0.1116,No deserta
170624,0.8478,Deserta
170660,0.6454,Deserta
170661,0.6155,Deserta
170659,0.075,No deserta
170662,0.0753,No deserta
170664,0.2701,No deserta
170666,0.0528,No deserta
170680,0.1212,No deserta
170679,0.1057,No deserta
170719,0.902,Deserta
170725,0.1314,No deserta
170720,0.4273,No deserta
170721,0.161,No deserta
170724,0.3759,No deserta
170723,0.1224,No deserta
170722,0.151,No deserta
170808,0.071,No deserta
170809,0.4377,No deserta
170810,0.277,No deserta
170824,0.2723,No deserta
170818,0.785,Deserta
170822,0.8268,Deserta
170823,0.1418,No deserta
170821,0.1036,No deserta
170820,0.0789,No deserta
170819,0.8484,Deserta
170851,0.1671,No deserta
170852,0.0926,No deserta
170853,0.2023,No deserta
170856,0.1076,No deserta
170947,0.0794,No deserta
170946,0.8148,Deserta
170950,0.5424,Deserta
170951,0.645,Deserta
171093,0.206,No deserta
171095,0.5907,Deserta
171092,0.1172,No deserta
171099,0.0661,No deserta
171100,0.1516,No deserta
171107,0.1128,No deserta
171110,0.091,No deserta
171121,0.5575,Deserta
171120,0.3109,No deserta
171118,0.1571,No deserta
171127,0.5147,Deserta
171125,0.079,No deserta
171124,0.0828,No deserta
171126,0.1763,No deserta
171162,0.5945,Deserta
171173,0.3485,No deserta
171171,0.4787,No deserta
171172,0.1606,No deserta
171170,0.8353,Deserta
171223,0.3166,No deserta
171231,0.2916,No deserta
171232,0.5368,Deserta
171306,0.0164,No deserta
171349,0.9493,Deserta
171350,0.8432,Deserta
171348,0.4188,No deserta
171347,0.5923,Deserta
171367,0.0825,No deserta
171370,0.7457,Deserta
171365,0.067,No deserta
171366,0.6883,Deserta
171368,0.0491,No deserta
171369,0.0508,No deserta
171401,0.6569,Deserta
171400,0.1147,No deserta
171403,0.1116,No deserta
171443,0.1903,No deserta
171479,0.6878,Deserta
171481,0.8972,Deserta
171480,0.5989,Deserta
171477,0.7873,Deserta
171517,0.2692,No deserta
171516,0.4331,No deserta
171518,0.1351,No deserta
171519,0.1369,No deserta
171521,0.1834,No deserta
171522,0.239,No deserta
171560,0.1083,No deserta
171561,0.0649,No deserta
171563,0.0615,No deserta
171564,0.1073,No deserta
171562,0.1899,No deserta
171567,0.4759,No deserta
171572,0.0842,No deserta
171627,0.1032,No deserta
171629,0.2689,No deserta
171632,0.3925,No deserta
171693,0.446,No deserta
171694,0.423,No deserta
171697,0.0107,No deserta
171696,0.2483,No deserta
171731,0.7665,Deserta
171773,0.2822,No deserta
171772,0.0735,No deserta
171789,0.2122,No deserta
171816,0.6492,Deserta
171843,0.6331,Deserta
171846,0.8278,Deserta
171876,0.6817,Deserta
171898,0.8735,Deserta
171899,0.3243,No deserta
171925,0.1886,No deserta
171926,0.0476,No deserta
171927,0.0394,No deserta
171930,0.888,Deserta
171931,0.1014,No deserta
171933,0.2583,No deserta
171934,0.4195,No deserta
172004,0.9134,Deserta
172012,0.1934,No deserta
172050,0.4755,No deserta
172049,0.1924,No deserta
172149,0.0374,No deserta
172150,0.5408,Deserta
172148,0.0575,No deserta
172146,0.0775,No deserta
172152,0.5017,Deserta
172154,0.3077,No deserta
172153,0.6734,Deserta
172182,0.1393,No deserta
172181,0.1983,No deserta
172189,0.7717,Deserta
172190,0.4415,No deserta
172208,0.0517,No deserta
172279,0.0272,No deserta
172280,0.0972,No deserta
172282,0.6004,Deserta
172283,0.2303,No deserta
172281,0.1972,No deserta
172291,0.2173,No deserta
172296,0.194,No deserta
172294,0.8293,Deserta
172292,0.8328,Deserta
172293,0.1729,No deserta
172300,0.0967,No deserta
172299,0.8374,Deserta
172345,0.0367,No deserta
172351,0.1188,No deserta
172348,0.5163,Deserta
172435,0.2406,No deserta
172473,0.1345,No deserta
172476,0.2106,No deserta
172475,0.6088,Deserta
172477,0.8569,Deserta
172481,0.8725,Deserta
172482,0.6591,Deserta
172483,0.0456,No deserta
172601,0.8627,Deserta
172600,0.5291,Deserta
172605,0.4889,No deserta
172611,0.0602,No deserta
172610,0.0248,No deserta
172614,0.4241,No deserta
172661,0.2665,No deserta
172667,0.8315,Deserta
172662,0.0506,No deserta
172663,0.0664,No deserta
172666,0.1298,No deserta
172665,0.7975,Deserta
172668,0.1008,No deserta
172673,0.1378,No deserta
172674,0.5943,Deserta
172675,0.5778,Deserta
172677,0.9058,Deserta
172775,0.1947,No deserta
172774,0.1277,No deserta
172779,0.0601,No deserta
172783,0.8395,Deserta
172784,0.8884,Deserta
172789,0.6094,Deserta
172787,0.7028,Deserta
172788,0.8027,Deserta
172790,0.665,Deserta
172785,0.2425,No deserta
172898,0.7251,Deserta
172897,0.0634,No deserta
172899,0.0596,No deserta
172901,0.5634,Deserta
172902,0.7738,Deserta
172905,0.0938,No deserta
172904,0.0361,No deserta
172906,0.6072,Deserta
172907,0.6802,Deserta
173015,0.4316,No deserta
173014,0.1232,No deserta
173021,0.1473,No deserta
173019,0.864,Deserta
173020,0.1867,No deserta
173018,0.8151,Deserta
173139,0.8796,Deserta
173133,0.0522,No deserta
173136,0.1268,No deserta
173138,0.0864,No deserta
173135,0.2889,No deserta
173140,0.3835,No deserta
173144,0.3693,No deserta
173276,0.0486,No deserta
173277,0.1361,No deserta
173282,0.0814,No deserta
173283,0.188,No deserta
173281,0.5258,Deserta
173286,0.5338,Deserta
173279,0.0358,No deserta
173285,0.6291,Deserta
173288,0.0185,No deserta
173295,0.6929,Deserta
173293,0.4633,No deserta
173300,0.1073,No deserta
173298,0.1435,No deserta
173297,0.4433,No deserta
173294,0.269,No deserta
173347,0.2136,No deserta
173456,0.7822,Deserta
173458,0.1389,No deserta
173462,0.0141,No deserta
173525,0.6301,Deserta
173523,0.0329,No deserta
173524,0.0574,No deserta
173521,0.7135,Deserta
173533,0.1213,No deserta
173532,0.4588,No deserta
173529,0.5085,Deserta
173531,0.6372,Deserta
173535,0.3051,No deserta
173534,0.318,No deserta
173612,0.0357,No deserta
173611,0.8393,Deserta
173614,0.0451,No deserta
173619,0.034,No deserta
173613,0.8508,Deserta
173616,0.8386,Deserta
173624,0.9482,Deserta
173625,0.5512,Deserta
173627,0.6405,Deserta
173629,0.7344,Deserta
173666,0.8123,Deserta
173785,0.6093,Deserta
173801,0.1433,No deserta
173857,0.0335,No deserta
173860,0.2266,No deserta
173863,0.281,No deserta
173861,0.5425,Deserta
173862,0.1007,No deserta
173859,0.0456,No deserta
173855,0.0643,No deserta
173873,0.7009,Deserta
173869,0.7085,Deserta
173867,0.2333,No deserta
173871,0.8001,Deserta
173874,0.3231,No deserta
173868,0.3662,No deserta
173870,0.4702,No deserta
174043,0.0676,No deserta
174126,0.7788,Deserta
174146,0.3807,No deserta
174142,0.8459,Deserta
174144,0.0742,No deserta
174145,0.7946,Deserta
174156,0.8659,Deserta
174154,0.4695,No deserta
174157,0.1414,No deserta
174160,0.3575,No deserta
174158,0.1577,No deserta
174159,0.056,No deserta
174161,0.5004,Deserta
174229,0.7483,Deserta
174227,0.1691,No deserta
174228,0.1485,No deserta
174233,0.0907,No deserta
174230,0.1389,No deserta
174239,0.0321,No deserta
174242,0.2517,No deserta
174235,0.0282,No deserta
174244,0.0666,No deserta
174238,0.2741,No deserta
174245,0.8139,Deserta
174237,0.439,No deserta
174236,0.0327,No deserta
174251,0.054,No deserta
174248,0.5901,Deserta
174253,0.9231,Deserta
174254,0.0932,No deserta
174252,0.6088,Deserta
174256,0.0905,No deserta
174247,0.6989,Deserta
174249,0.0566,No deserta
174250,0.2151,No deserta
174255,0.0174,No deserta
174268,0.0806,No deserta
174261,0.5808,Deserta
174259,0.0516,No deserta
174269,0.8579,Deserta
174258,0.8498,Deserta
174263,0.0196,No deserta
174265,0.0485,No deserta
174266,0.1911,No deserta
174267,0.1533,No deserta
174260,0.8824,Deserta
174282,0.2451,No deserta
174270,0.0775,No deserta
174280,0.0547,No deserta
174271,0.2007,No deserta
174283,0.3784,No deserta
174278,0.019,No deserta
174276,0.8502,Deserta
174272,0.092,No deserta
174281,0.1151,No deserta
174277,0.6403,Deserta
174291,0.845,Deserta
174295,0.047,No deserta
174284,0.0869,No deserta
174292,0.1154,No deserta
174294,0.1742,No deserta
174290,0.4152,No deserta
174285,0.2069,No deserta
174288,0.0465,No deserta
174286,0.0356,No deserta
174301,0.2956,No deserta
174302,0.0424,No deserta
174303,0.5597,Deserta
174296,0.0426,No deserta
174299,0.0481,No deserta
174305,0.7607,Deserta
174300,0.0738,No deserta
174306,0.332,No deserta
174297,0.8761,Deserta
174398,0.8539,Deserta
174399,0.0307,No deserta
174397,0.0434,No deserta
174407,0.1003,No deserta
174408,0.5401,Deserta
174532,0.7497,Deserta
174628,0.2788,No deserta
174619,0.6569,Deserta
174622,0.0396,No deserta
174617,0.8693,Deserta
174626,0.0493,No deserta
174627,0.23,No deserta
174623,0.7663,Deserta
174624,0.8096,Deserta
174634,0.4287,No deserta
174636,0.2817,No deserta
174635,0.3172,No deserta
174632,0.2012,No deserta
174629,0.9473,Deserta
174630,0.8992,Deserta
174633,0.9271,Deserta
174631,0.7808,Deserta
174891,0.0034,No deserta
174900,0.0515,No deserta
174895,0.7478,Deserta
174898,0.5985,Deserta
174899,0.0887,No deserta
174894,0.0933,No deserta
174901,0.7627,Deserta
174902,0.0957,No deserta
174908,0.1555,No deserta
174909,0.4257,No deserta
174905,0.1415,No deserta
174907,0.5173,Deserta
174906,0.7397,Deserta
174933,0.7382,Deserta
174939,0.5153,Deserta
174945,0.1087,No deserta
175106,0.2223,No deserta
175108,0.1668,No deserta
175111,0.0451,No deserta
175113,0.4058,No deserta
175150,0.0526,No deserta
175152,0.0418,No deserta
175260,0.0342,No deserta
175263,0.0427,No deserta
175259,0.0714,No deserta
175270,0.8779,Deserta
175273,0.4699,No deserta
175264,0.5288,Deserta
175268,0.768,Deserta
175265,0.298,No deserta
175267,0.0757,No deserta
175271,0.5103,Deserta
175274,0.5866,Deserta
175323,0.0327,No deserta
175329,0.0983,No deserta
175330,0.3195,No deserta
175328,0.0696,No deserta
175493,0.8525,Deserta
175490,0.7404,Deserta
175491,0.3008,No deserta
175492,0.096,No deserta
175500,0.5672,Deserta
175501,0.3035,No deserta
175504,0.787,Deserta
175502,0.7946,Deserta
175503,0.2114,No deserta
175730,0.8265,Deserta
175731,0.7143,Deserta
175729,0.8988,Deserta
175732,0.8781,Deserta
175822,0.0468,No deserta
175823,0.0594,No deserta
175828,0.1367,No deserta
175829,0.0806,No deserta
175950,0.8427,Deserta
175949,0.4943,No deserta
175973,0.0569,No deserta
176028,0.5936,Deserta
176029,0.1865,No deserta
176054,0.0272,No deserta
176058,0.9139,Deserta
176059,0.794,Deserta
176146,0.894,Deserta
176191,0.3285,No deserta
176644,0.0474,No deserta
176679,0.6777,Deserta
176756,0.6652,Deserta
176786,0.1069,No deserta
177229,0.8216,Deserta
177231,0.7745,Deserta
177230,0.2007,No deserta
177232,0.9362,Deserta
177234,0.4352,No deserta
177255,0.0644,No deserta
177412,0.2964,No deserta
177422,0.8605,Deserta
177450,0.2331,No deserta
177451,0.6514,Deserta
177453,0.8325,Deserta
177454,0.3244,No deserta
177455,0.6756,Deserta
177460,0.0703,No deserta
177470,0.6451,Deserta
177473,0.3371,No deserta
177483,0.0953,No deserta
177482,0.0696,No deserta
177513,0.3763,No deserta
177515,0.8367,Deserta
177516,0.3699,No deserta
177520,0.3398,No deserta
177521,0.1586,No deserta
177519,0.2092,No deserta
177522,0.3228,No deserta
177518,0.4612,No deserta
177523,0.1841,No deserta
177558,0.8536,Deserta
177560,0.1038,No deserta
177559,0.6027,Deserta
177580,0.8237,Deserta
177582,0.2863,No deserta
177595,0.2868,No deserta
177618,0.1056,No deserta
177620,0.1616,No deserta
177619,0.789,Deserta
177628,0.1988,No deserta
177629,0.1295,No deserta
177630,0.0611,No deserta
177650,0.2117,No deserta
177673,0.8241,Deserta
177674,0.3543,No deserta
177675,0.1091,No deserta
177686,0.0623,No deserta
177688,0.3785,No deserta
177689,0.7727,Deserta
177720,0.84,Deserta
177719,0.2417,No deserta
177718,0.2639,No deserta
177760,0.7043,Deserta
177772,0.5741,Deserta
177776,0.3788,No deserta
177802,0.2444,No deserta
177803,0.6967,Deserta
177820,0.2495,No deserta
177839,0.1153,No deserta
177840,0.1536,No deserta
177842,0.1531,No deserta
177841,0.9266,Deserta
177853,0.7233,Deserta
177864,0.1002,No deserta
177865,0.7297,Deserta
177917,0.655,Deserta
177919,0.0525,No deserta
177920,0.7084,Deserta
177987,0.262,No deserta
177986,0.1912,No deserta
178013,0.1516,No deserta
178012,0.1154,No deserta
178014,0.754,Deserta
178049,0.1947,No deserta
178050,0.4769,No deserta
178086,0.2297,No deserta
178088,0.0855,No deserta
178094,0.1559,No deserta
178116,0.1462,No deserta
178164,0.1103,No deserta
178183,0.2037,No deserta
178186,0.1286,No deserta
178187,0.2825,No deserta
178188,0.1847,No deserta
178250,0.1799,No deserta
178253,0.1414,No deserta
178255,0.0376,No deserta
178251,0.2945,No deserta
178249,0.1783,No deserta
178263,0.5945,Deserta
178259,0.1889,No deserta
178256,0.2673,No deserta
178261,0.0678,No deserta
178257,0.802,Deserta
178260,0.2081,No deserta
178371,0.0569,No deserta
178366,0.202,No deserta
178367,0.1745,No deserta
178368,0.1256,No deserta
178365,0.1178,No deserta
178364,0.1489,No deserta
178372,0.3928,No deserta
178362,0.0917,No deserta
178374,0.0372,No deserta
178375,0.8857,Deserta
178378,0.1048,No deserta
178382,0.6856,Deserta
178381,0.0998,No deserta
178383,0.3451,No deserta
178379,0.7212,Deserta
178422,0.0753,No deserta
178423,0.1824,No deserta
178419,0.1588,No deserta
178426,0.0325,No deserta
178428,0.0596,No deserta
178421,0.2674,No deserta
178427,0.0729,No deserta
178424,0.0716,No deserta
178425,0.2037,No deserta
178467,0.1715,No deserta
178476,0.1644,No deserta
178479,0.0322,No deserta
178480,0.1085,No deserta
178470,0.046,No deserta
178475,0.2597,No deserta
178468,0.0392,No deserta
178471,0.0519,No deserta
178478,0.0382,No deserta
178477,0.1189,No deserta
178474,0.1545,No deserta
178472,0.5399,Deserta
178482,0.1512,No deserta
178572,0.0726,No deserta
178581,0.0273,No deserta
178578,0.3704,No deserta
178576,0.0387,No deserta
178573,0.11,No deserta
178577,0.073,No deserta
178574,0.0854,No deserta
178579,0.0612,No deserta
178575,0.2035,No deserta
178585,0.2315,No deserta
178583,0.0918,No deserta
178584,0.1037,No deserta
178582,0.2179,No deserta
178620,0.2152,No deserta
178618,0.126,No deserta
178625,0.3759,No deserta
178624,0.0834,No deserta
178623,0.0841,No deserta
178622,0.1336,No deserta
178617,0.0805,No deserta
178616,0.123,No deserta
178621,0.0915,No deserta
178629,0.0656,No deserta
178626,0.1794,No deserta
178627,0.0889,No deserta
178637,0.2469,No deserta
178635,0.827,Deserta
178821,0.0374,No deserta
178819,0.1826,No deserta
178820,0.1426,No deserta
178832,0.0441,No deserta
178823,0.0962,No deserta
178824,0.0358,No deserta
178827,0.1325,No deserta
178829,0.0808,No deserta
178836,0.0721,No deserta
178826,0.2111,No deserta
178835,0.0778,No deserta
178831,0.06,No deserta
178828,0.0647,No deserta
178837,0.2497,No deserta
178840,0.0647,No deserta
178839,0.0503,No deserta
178849,0.1573,No deserta
178851,0.1216,No deserta
178848,0.5135,Deserta
178843,0.0598,No deserta
178852,0.1719,No deserta
178847,0.1297,No deserta
178853,0.7323,Deserta
178846,0.0926,No deserta
178854,0.5979,Deserta
178842,0.2049,No deserta
178844,0.0698,No deserta
178984,0.615,Deserta
178983,0.038,No deserta
178979,0.0563,No deserta
178987,0.0432,No deserta
178980,0.0885,No deserta
178988,0.0696,No deserta
178986,0.0419,No deserta
178985,0.0737,No deserta
178982,0.0764,No deserta
178981,0.0447,No deserta
178989,0.1112,No deserta
178992,0.3786,No deserta
178991,0.1619,No deserta
179098,0.1255,No deserta
179097,0.0447,No deserta
179092,0.1979,No deserta
179096,0.7791,Deserta
179093,0.0721,No deserta
179094,0.3503,No deserta
179091,0.1466,No deserta
179095,0.0448,No deserta
179104,0.0366,No deserta
179103,0.0915,No deserta
179102,0.1909,No deserta
179101,0.1039,No deserta
179099,0.0335,No deserta
179106,0.0348,No deserta
179107,0.0908,No deserta
179100,0.1352,No deserta
179211,0.182,No deserta
179213,0.0528,No deserta
179214,0.0596,No deserta
179210,0.0257,No deserta
179208,0.3668,No deserta
179212,0.7523,Deserta
179207,0.1248,No deserta
179215,0.1934,No deserta
179209,0.0804,No deserta
179277,0.0579,No deserta
179274,0.0733,No deserta
179272,0.079,No deserta
179278,0.1175,No deserta
179273,0.1518,No deserta
179275,0.1054,No deserta
179276,0.0247,No deserta
179282,0.0743,No deserta
179280,0.0453,No deserta
179285,0.0521,No deserta
179284,0.6663,Deserta
179281,0.0564,No deserta
179288,0.1029,No deserta
179290,0.2981,No deserta
179293,0.1257,No deserta
179292,0.0878,No deserta
179287,0.2065,No deserta
179295,0.3384,No deserta
179296,0.3202,No deserta
179297,0.0619,No deserta
179291,0.1509,No deserta
179304,0.2516,No deserta
179360,0.0712,No deserta
179362,0.1669,No deserta
179365,0.6124,Deserta
179363,0.0916,No deserta
179361,0.4499,No deserta
179366,0.1391,No deserta
179414,0.2376,No deserta
179417,0.0393,No deserta
179418,0.1365,No deserta
179416,0.1303,No deserta
179422,0.0965,No deserta
179420,0.0526,No deserta
179421,0.0404,No deserta
179426,0.1456,No deserta
179430,0.0707,No deserta
179425,0.0913,No deserta
179431,0.0534,No deserta
179433,0.2369,No deserta
179428,0.1003,No deserta
179429,0.0517,No deserta
179423,0.0169,No deserta
179427,0.153,No deserta
179435,0.0977,No deserta
179436,0.7839,Deserta
179552,0.0674,No deserta
179954,0.0894,No deserta
179962,0.0786,No deserta
179958,0.0699,No deserta
179961,0.2009,No deserta
179959,0.0913,No deserta
179956,0.0956,No deserta
179960,0.2078,No deserta
179955,0.1369,No deserta
179966,0.714,Deserta
179964,0.0368,No deserta
179965,0.0595,No deserta
179968,0.1291,No deserta
179967,0.1,No deserta
179969,0.0504,No deserta
180128,0.0843,No deserta
180125,0.0461,No deserta
180132,0.1399,No deserta
180129,0.0378,No deserta
180134,0.0934,No deserta
180140,0.0655,No deserta
180139,0.0641,No deserta
180135,0.083,No deserta
180137,0.2397,No deserta
180141,0.184,No deserta
180243,0.6386,Deserta
180253,0.3574,No deserta
180244,0.0399,No deserta
180245,0.0948,No deserta
180251,0.1134,No deserta
180249,0.1555,No deserta
180246,0.0738,No deserta
180254,0.0382,No deserta
180255,0.6743,Deserta
180258,0.0855,No deserta
180252,0.4723,No deserta
180247,0.0612,No deserta
180257,0.2878,No deserta
180262,0.1701,No deserta
180259,0.4741,No deserta
180260,0.0622,No deserta
180265,0.1355,No deserta
180266,0.3583,No deserta
180267,0.1661,No deserta
180264,0.2387,No deserta
180313,0.0375,No deserta
180314,0.1114,No deserta
180311,0.0991,No deserta
180312,0.0801,No deserta
180316,0.1173,No deserta
180318,0.1956,No deserta
180329,0.0276,No deserta
180328,0.5654,Deserta
180324,0.133,No deserta
180330,0.049,No deserta
180326,0.1332,No deserta
180320,0.053,No deserta
180327,0.0226,No deserta
180323,0.0806,No deserta
180319,0.4887,No deserta
180325,0.0848,No deserta
180317,0.0775,No deserta
180337,0.0606,No deserta
180336,0.2015,No deserta
180338,0.1945,No deserta
180333,0.0438,No deserta
180331,0.0427,No deserta
180334,0.0592,No deserta
180335,0.0492,No deserta
180332,0.6732,Deserta
180342,0.2211,No deserta
180340,0.0482,No deserta
180344,0.8035,Deserta
180341,0.1443,No deserta
180346,0.2173,No deserta
180351,0.5635,Deserta
180345,0.2815,No deserta
180348,0.2003,No deserta
180350,0.0671,No deserta
180347,0.226,No deserta
180349,0.5559,Deserta
180397,0.1244,No deserta
180406,0.0617,No deserta
180403,0.0842,No deserta
180405,0.1175,No deserta
180401,0.7447,Deserta
180399,0.0931,No deserta
180402,0.0506,No deserta
180404,0.316,No deserta
180409,0.0614,No deserta
180407,0.0934,No deserta
180410,0.1887,No deserta
180411,0.1174,No deserta
180508,0.0986,No deserta
180509,0.0553,No deserta
180510,0.3872,No deserta
180512,0.2241,No deserta
180511,0.5144,Deserta
180513,0.0812,No deserta
180515,0.0717,No deserta
180514,0.1901,No deserta
180534,0.094,No deserta
180639,0.2851,No deserta
180642,0.0858,No deserta
180638,0.1347,No deserta
180641,0.1678,No deserta
180644,0.1441,No deserta
180643,0.4091,No deserta
180645,0.0662,No deserta
180794,0.5102,Deserta
180799,0.121,No deserta
180798,0.0952,No deserta
180796,0.0455,No deserta
180797,0.3507,No deserta
180856,0.1242,No deserta
180924,0.2872,No deserta
180919,0.1658,No deserta
180921,0.2242,No deserta
180926,0.0826,No deserta
180920,0.2023,No deserta
180925,0.4841,No deserta
180922,0.0658,No deserta
180923,0.2368,No deserta
180928,0.1441,No deserta
180929,0.7134,Deserta
180927,0.1927,No deserta
181126,0.3275,No deserta
181125,0.4123,No deserta
181127,0.2314,No deserta
181380,0.2523,No deserta
181382,0.1207,No deserta
181381,0.089,No deserta
181383,0.4172,No deserta
181387,0.1546,No deserta
181386,0.3666,No deserta
181384,0.5303,Deserta
181385,0.2812,No deserta
181764,0.0914,No deserta
181768,0.1836,No deserta
181765,0.1321,No deserta
181767,0.2492,No deserta
181770,0.2944,No deserta
181771,0.3761,No deserta
181772,0.318,No deserta
182204,0.1825,No deserta
182284,0.0193,No deserta
182337,0.0328,No deserta
182542,0.0879,No deserta
182541,0.1632,No deserta
182543,0.1608,No deserta
182548,0.3778,No deserta
182549,0.079,No deserta
182552,0.1112,No deserta
182784,0.6661,Deserta
182786,0.2013,No deserta
182785,0.3708,No deserta
182794,0.1073,No deserta
182792,0.1172,No deserta
182797,0.7003,Deserta
182802,0.1286,No deserta
182795,0.1872,No deserta
182798,0.8293,Deserta
182791,0.6231,Deserta
182803,0.152,No deserta
182787,0.1871,No deserta
182789,0.0475,No deserta
182799,0.2685,No deserta
182801,0.1066,No deserta
182788,0.2927,No deserta
182796,0.154,No deserta
182804,0.1343,No deserta
182806,0.2282,No deserta
182807,0.3867,No deserta
182826,0.1868,No deserta
182977,0.0021,No deserta
182980,0.0671,No deserta
183191,0.0912,No deserta
183199,0.2996,No deserta
183202,0.1047,No deserta
183260,0.1291,No deserta
183399,0.4013,No deserta
183400,0.2033,No deserta
183416,0.3102,No deserta
183424,0.0293,No deserta
183495,0.1976,No deserta
183867,0.1502,No deserta
183870,0.1957,No deserta
183868,0.0921,No deserta
183995,0.1053,No deserta
183996,0.1014,No deserta
183997,0.1095,No deserta
184079,0.1493,No deserta
184128,0.255,No deserta
184211,0.0687,No deserta
184206,0.1505,No deserta
184212,0.1374,No deserta
184225,0.3095,No deserta
184226,0.1602,No deserta
184240,0.0949,No deserta
184241,0.1428,No deserta
184246,0.4495,No deserta
184244,0.1089,No deserta
184247,0.1593,No deserta
184245,0.3154,No deserta
184269,0.1299,No deserta
184275,0.1835,No deserta
184277,0.3974,No deserta
184307,0.0952,No deserta
184304,0.1755,No deserta
184312,0.3212,No deserta
184309,0.0821,No deserta
184457,0.114,No deserta
184451,0.1708,No deserta
184458,0.1283,No deserta
184459,0.1001,No deserta
184548,0.1602,No deserta
184611,0.229,No deserta
184612,0.1026,No deserta
184632,0.26,No deserta
184656,0.0966,No deserta
184659,0.1351,No deserta
184821,0.1594,No deserta
184956,0.0925,No deserta
185081,0.1016,No deserta
185109,0.1223,No deserta
185209,0.1107,No deserta
185222,0.1337,No deserta
185237,0.3544,No deserta
185392,0.2199,No deserta
185531,0.2069,No deserta
185529,0.09,No deserta
185532,0.2674,No deserta
185537,0.17,No deserta
185541,0.1209,No deserta
185546,0.1392,No deserta
185617,0.1324,No deserta
185620,0.0477,No deserta
185677,0.3051,No deserta
185678,0.1241,No deserta
185731,0.145,No deserta
185738,0.1771,No deserta
185805,0.0828,No deserta
185925,0.1091,No deserta
185924,0.1313,No deserta
186057,0.1659,No deserta
186104,0.5012,Deserta
186108,0.0694,No deserta
186110,0.2863,No deserta
186112,0.0516,No deserta
186262,0.217,No deserta
186401,0.1362,No deserta
186425,0.1344,No deserta
186574,0.0604,No deserta
186575,0.1076,No deserta
186573,0.0723,No deserta
186576,0.1124,No deserta
186581,0.1476,No deserta
186580,0.1652,No deserta
186583,0.1339,No deserta
186582,0.3936,No deserta
186602,0.0733,No deserta
186629,0.0707,No deserta
186632,0.1542,No deserta
186627,0.2159,No deserta
186626,0.0297,No deserta
186744,0.1444,No deserta
186782,0.075,No deserta
186877,0.0452,No deserta
186908,0.0718,No deserta
186916,0.2273,No deserta
186991,0.17,No deserta
187169,0.2398,No deserta
187291,0.0615,No deserta
187297,0.2825,No deserta
187292,0.0657,No deserta
187296,0.2879,No deserta
187427,0.0841,No deserta
187563,0.0592,No deserta
187566,0.1172,No deserta
187721,0.1814,No deserta
187733,0.2868,No deserta
187793,0.0162,No deserta
187794,0.0701,No deserta
187795,0.1431,No deserta
187796,0.022,No deserta
187797,0.0217,No deserta
187817,0.057,No deserta
187818,0.0105,No deserta
187819,0.0114,No deserta
187820,0.0352,No deserta
187821,0.0106,No deserta
187824,0.0113,No deserta
187827,0.0737,No deserta
187828,0.0308,No deserta
187894,0.0634,No deserta
187893,0.0644,No deserta
187896,0.1966,No deserta
187902,0.1966,No deserta
187983,0.1863,No deserta
188065,0.0678,No deserta
188067,0.1149,No deserta
188068,0.0232,No deserta
188226,0.2697,No deserta
188234,0.0355,No deserta
188235,0.0198,No deserta
188236,0.0366,No deserta
188237,0.0648,No deserta
188239,0.0212,No deserta
188241,0.1736,No deserta
188249,0.1279,No deserta
188250,0.0942,No deserta
188270,0.1885,No deserta
188269,0.1692,No deserta
188316,0.0903,No deserta
188573,0.742,Deserta
188733,0.0115,No deserta
188742,0.0287,No deserta
188791,0.2288,No deserta
188958,0.0352,No deserta
188990,0.0042,No deserta
189042,0.0706,No deserta
189055,0.1223,No deserta
189048,0.0791,No deserta
189049,0.0761,No deserta
189082,0.041,No deserta
189379,0.1701,No deserta
189391,0.0535,No deserta
189387,0.0983,No deserta
189389,0.1283,No deserta
189384,0.0493,No deserta
189509,0.0224,No deserta
189687,0.0859,No deserta
189836,0.0324,No deserta
190114,0.0967,No deserta
190133,0.0814,No deserta
190123,0.0973,No deserta
190129,0.1062,No deserta
190128,0.0969,No deserta
190132,0.0946,No deserta
190125,0.0416,No deserta
190141,0.1657,No deserta
190135,0.0701,No deserta
190139,0.0854,No deserta
190145,0.0498,No deserta
190147,0.1043,No deserta
190157,0.4212,No deserta
190170,0.0374,No deserta
190169,0.0889,No deserta
190194,0.0464,No deserta
190195,0.1421,No deserta
190190,0.0519,No deserta
190215,0.0819,No deserta
190209,0.1293,No deserta
190201,0.54,Deserta
190223,0.3916,No deserta
190235,0.0942,No deserta
190236,0.231,No deserta
190226,0.3912,No deserta
190218,0.0739,No deserta
190229,0.0804,No deserta
190247,0.1082,No deserta
190237,0.1962,No deserta
190276,0.0862,No deserta
190269,0.0586,No deserta
190264,0.051,No deserta
190273,0.1277,No deserta
190270,0.2192,No deserta
190339,0.0045,No deserta
190541,0.0153,No deserta
190905,0.2672,No deserta
191072,0.0662,No deserta
191195,0.0544,No deserta
191223,0.0959,No deserta
191309,0.0394,No deserta
191310,0.0526,No deserta
191311,0.0342,No deserta
191312,0.1121,No deserta
